timestamp,close,high,low,trade_count,open,volume,vwap
2020-09-30 00:00:00-04:00,9.51,11.395,9.12,20035,10.5,4964603,10.416217
2020-10-01 00:00:00-04:00,9.44,10.1,9.23,9553,9.72,1952773,9.578256
2020-10-02 00:00:00-04:00,9.175,9.275,8.94,3447,9.01,829085,9.145065
2020-10-05 00:00:00-04:00,9.06,9.49,8.925,5320,9.405,612749,9.063994
2020-10-06 00:00:00-04:00,9.9,10.175,8.905,15919,9.025,3413053,9.785068
2020-10-07 00:00:00-04:00,10.005,10.48,10.005,4190,10.02,1129478,10.203423
2020-10-08 00:00:00-04:00,9.99,10.4,9.99,6784,10.275,1305995,10.197345
2020-10-09 00:00:00-04:00,9.98,10.18,9.89,1001,10.18,225618,10.018253
2020-10-12 00:00:00-04:00,9.905,10.025,9.66,1306,10.025,366477,9.947181
2020-10-13 00:00:00-04:00,9.445,9.87,9.415,1416,9.87,298998,9.535718
2020-10-14 00:00:00-04:00,9.355,9.645,9.3,2605,9.595,369339,9.42318
2020-10-15 00:00:00-04:00,9.885,9.885,9.2,1544,9.23,232663,9.533272
2020-10-16 00:00:00-04:00,9.735,9.94,9.67,976,9.93,124387,9.748935
2020-10-19 00:00:00-04:00,9.555,9.8,9.535,664,9.76,96996,9.635634
2020-10-20 00:00:00-04:00,9.305,9.65,9.3,748,9.61,160706,9.40463
2020-10-21 00:00:00-04:00,9.205,9.48,9.2,744,9.305,103662,9.309066
2020-10-22 00:00:00-04:00,9.675,9.75,9.23,2979,9.34,499873,9.557602
2020-10-23 00:00:00-04:00,9.49,9.795,9.475,1912,9.72,306868,9.558584
2020-10-26 00:00:00-04:00,9.945,9.965,9.61,2417,9.71,332353,9.805044
2020-10-27 00:00:00-04:00,10.95,11.035,9.925,4083,9.98,1142952,10.586478
2020-10-28 00:00:00-04:00,10.845,10.98,10.11,1515,10.66,240249,10.493674
2020-10-29 00:00:00-04:00,10.755,11.095,10.58,1400,10.855,205867,10.887872
2020-10-30 00:00:00-04:00,10.155,10.63,9.87,924,10.59,174291,10.169669
2020-11-02 00:00:00-05:00,10.535,10.56,10.23,1036,10.23,237758,10.40926
2020-11-03 00:00:00-05:00,10.505,10.94,10.45,2855,10.6,538011,10.620034
2020-11-04 00:00:00-05:00,10.725,10.91,10.55,2683,10.805,457843,10.736724
2020-11-05 00:00:00-05:00,11.9,12.115,10.94,2471,10.945,530620,11.78373
2020-11-06 00:00:00-05:00,13.83,14.955,12.06,12166,12.16,1919223,13.778046
2020-11-09 00:00:00-05:00,14.66,15.87,14.21,4017,14.97,624054,14.998303
2020-11-10 00:00:00-05:00,13.97,15.005,13.2,3030,15.0,638154,14.025465
2020-11-11 00:00:00-05:00,15.96,15.96,14.4,2732,14.565,364081,15.262409
2020-11-12 00:00:00-05:00,14.56,17.01,14.45,7608,16.665,1723623,15.064214
2020-11-13 00:00:00-05:00,15.795,15.99,14.5,8557,14.57,1173485,15.387604
2020-11-16 00:00:00-05:00,15.91,16.08,15.01,4315,15.84,679206,15.6821
2020-11-17 00:00:00-05:00,17.825,18.735,16.21,9092,16.3,1597448,17.847386
2020-11-18 00:00:00-05:00,17.895,19.25,17.55,4615,18.28,804167,18.477886
2020-11-19 00:00:00-05:00,18.965,18.965,17.97,4157,18.49,544021,18.530445
2020-11-20 00:00:00-05:00,18.115,19.65,18.0,4191,19.05,732439,18.478617
2020-11-23 00:00:00-05:00,21.025,21.435,18.585,3212,18.79,436317,20.293248
2020-11-24 00:00:00-05:00,23.84,24.21,20.665,5256,22.295,764587,22.766414
2020-11-25 00:00:00-05:00,29.0,29.75,23.69,10647,23.925,1530636,26.771926
2020-11-27 00:00:00-05:00,27.75,33.5,26.24,13445,31.17,1917496,30.376349
2020-11-30 00:00:00-05:00,26.975,30.13,24.125,8308,28.24,1261880,27.29133
2020-12-01 00:00:00-05:00,25.675,28.015,24.48,4033,28.015,477304,25.709402
2020-12-02 00:00:00-05:00,22.47,23.4,21.15,8847,22.16,2009508,22.485437
2020-12-03 00:00:00-05:00,24.01,25.4,23.52,5336,23.565,652966,24.392799
2020-12-04 00:00:00-05:00,23.845,25.22,23.54,2673,24.81,363733,24.111999
2020-12-07 00:00:00-05:00,29.0,29.0,24.46,5579,24.46,632294,27.223793
2020-12-08 00:00:00-05:00,28.55,31.225,27.27,5718,30.59,929234,29.054317
2020-12-09 00:00:00-05:00,26.625,28.84,25.37,4606,28.68,544034,27.093243
2020-12-10 00:00:00-05:00,27.04,28.0,25.155,3086,25.505,320554,26.913091
2020-12-11 00:00:00-05:00,27.16,28.25,26.07,1575,27.11,203178,26.982163
2020-12-14 00:00:00-05:00,27.205,28.175,26.74,2446,28.175,407806,27.315922
2020-12-15 00:00:00-05:00,26.41,27.08,25.565,3202,26.97,670430,26.04189
2020-12-16 00:00:00-05:00,25.89,26.15,25.16,2965,25.7,449118,25.665432
2020-12-17 00:00:00-05:00,27.185,27.435,26.08,2416,26.56,380863,26.881654
2020-12-18 00:00:00-05:00,26.01,26.83,25.89,3164,26.39,467504,26.165791
2020-12-21 00:00:00-05:00,28.48,28.7,25.43,1848,26.15,280944,27.493384
2020-12-22 00:00:00-05:00,28.03,29.41,26.82,2590,28.89,492991,27.990884
2020-12-23 00:00:00-05:00,28.73,29.37,28.055,2183,28.81,256012,28.725778
2020-12-24 00:00:00-05:00,27.68,29.11,27.58,1095,28.75,154047,28.185867
2020-12-28 00:00:00-05:00,25.63,28.575,25.4,3524,28.39,554512,26.211412
2020-12-29 00:00:00-05:00,24.64,26.16,24.34,2408,25.83,320199,25.000261
2020-12-30 00:00:00-05:00,25.05,25.88,24.67,1883,25.01,430268,25.2742
2020-12-31 00:00:00-05:00,23.55,24.68,23.525,2521,24.68,443535,23.796718
2021-01-04 00:00:00-05:00,23.37,24.4,22.5,2270,23.87,315133,23.45506
2021-01-05 00:00:00-05:00,24.59,24.645,22.93,1177,23.24,154597,23.874595
2021-01-06 00:00:00-05:00,23.52,24.44,23.29,3967,24.03,317819,23.804437
2021-01-07 00:00:00-05:00,25.0,25.175,23.72,1830,23.95,359200,24.583071
2021-01-08 00:00:00-05:00,25.19,26.42,24.76,3019,25.725,434256,25.554612
2021-01-11 00:00:00-05:00,26.0,26.59,24.34,2732,24.69,195823,25.906018
2021-01-12 00:00:00-05:00,26.12,26.4,25.53,962,26.37,101170,26.027548
2021-01-13 00:00:00-05:00,25.46,27.4,25.145,3012,25.72,452190,25.832979
2021-01-14 00:00:00-05:00,24.88,25.54,24.43,1673,25.52,225335,24.965825
2021-01-15 00:00:00-05:00,25.61,28.0,25.49,5476,26.21,816810,26.895724
2021-01-19 00:00:00-05:00,26.62,27.52,26.0,5532,26.85,582808,26.778047
2021-01-20 00:00:00-05:00,26.305,27.24,25.72,2049,27.17,315700,26.412904
2021-01-21 00:00:00-05:00,25.96,26.64,25.3,1357,26.59,214494,25.892651
2021-01-22 00:00:00-05:00,32.58,32.64,25.82,10610,25.82,2158395,30.435429
2021-01-25 00:00:00-05:00,36.22,39.56,29.65,17425,34.49,2517428,35.289347
2021-01-26 00:00:00-05:00,35.37,36.85,34.38,8444,35.14,963436,35.495638
2021-01-27 00:00:00-05:00,39.715,45.0,32.3,23699,32.93,4252344,39.716125
2021-01-28 00:00:00-05:00,35.69,42.0,33.165,10136,39.48,1481895,36.47068
2021-01-29 00:00:00-05:00,35.16,38.0,34.685,4352,36.6,506791,36.357849
2021-02-01 00:00:00-05:00,33.95,35.61,32.62,5414,35.19,614997,33.978158
2021-02-02 00:00:00-05:00,31.005,34.16,30.5,5391,34.09,1104350,31.491142
2021-02-03 00:00:00-05:00,31.785,32.885,31.4,2744,32.43,368221,31.988949
2021-02-04 00:00:00-05:00,32.02,33.15,31.05,3030,32.88,755437,31.885227
2021-02-05 00:00:00-05:00,34.005,35.15,31.81,3284,32.6,453687,33.937619
2021-02-08 00:00:00-05:00,36.11,39.19,35.915,2978,37.08,317835,37.394762
2021-02-09 00:00:00-05:00,38.15,38.24,36.16,2411,36.97,354956,37.257981
2021-02-10 00:00:00-05:00,35.72,38.215,35.0,3890,38.12,387824,36.802823
2021-02-11 00:00:00-05:00,33.09,35.92,32.65,4445,35.87,475091,33.739132
2021-02-12 00:00:00-05:00,31.83,33.65,31.345,8095,33.495,1344948,32.005477
2021-02-16 00:00:00-05:00,27.835,30.35,27.3,23660,30.06,4036277,28.553918
2021-02-17 00:00:00-05:00,27.075,29.68,27.0,18751,28.01,3630835,28.275523
2021-02-18 00:00:00-05:00,25.145,26.305,24.5,34405,24.99,6684766,25.187167
2021-02-19 00:00:00-05:00,29.0,29.95,26.91,28098,27.04,4058625,28.536787
2021-02-22 00:00:00-05:00,27.95,30.19,27.54,18875,29.97,2891677,28.716029
2021-02-23 00:00:00-05:00,26.76,27.45,23.91,12200,25.96,1617598,25.911229
2021-02-24 00:00:00-05:00,26.38,27.22,25.8,7778,26.72,910585,26.352749
2021-02-25 00:00:00-05:00,23.95,26.43,23.15,16456,25.81,3206188,24.506306
2021-02-26 00:00:00-05:00,23.885,24.49,22.705,16180,24.21,3324445,23.624581
2021-03-01 00:00:00-05:00,24.85,25.65,24.62,11308,25.27,1294008,24.931062
2021-03-02 00:00:00-05:00,24.49,25.59,24.28,8223,25.045,922081,24.930124
2021-03-03 00:00:00-05:00,23.57,25.15,23.44,7134,25.0,1003500,23.992487
2021-03-04 00:00:00-05:00,24.735,25.555,23.06,10134,24.83,1459770,24.424042
2021-03-05 00:00:00-05:00,23.94,24.64,20.19,15983,24.31,2374279,22.751569
2021-03-08 00:00:00-05:00,22.53,24.55,22.41,11025,23.765,1406068,23.379182
2021-03-09 00:00:00-05:00,24.26,24.735,23.1,7782,23.37,841537,24.025441
2021-03-10 00:00:00-05:00,24.75,26.23,24.28,9005,25.0,1060598,25.295879
2021-03-11 00:00:00-05:00,26.73,26.84,25.58,10479,25.99,906266,26.396761
2021-03-12 00:00:00-05:00,26.91,26.91,25.2,4219,25.57,437152,26.293836
2021-03-15 00:00:00-04:00,26.79,27.41,26.33,3427,27.25,343195,26.836213
2021-03-16 00:00:00-04:00,25.6,27.08,25.23,6855,26.78,906026,26.000221
2021-03-17 00:00:00-04:00,25.2,25.73,24.31,6740,24.52,726976,24.936114
2021-03-18 00:00:00-04:00,23.98,25.065,23.78,5122,24.71,570480,24.474985
2021-03-19 00:00:00-04:00,24.3,24.56,23.395,6014,24.02,893777,24.260242
2021-03-22 00:00:00-04:00,24.16,24.865,23.88,5421,24.82,605959,24.341937
2021-03-23 00:00:00-04:00,23.26,24.085,23.11,5833,23.975,625417,23.428127
2021-03-24 00:00:00-04:00,21.885,23.44,21.75,9008,23.3,949536,22.45906
2021-03-25 00:00:00-04:00,22.58,22.77,21.09,6940,21.155,987115,22.167791
2021-03-26 00:00:00-04:00,22.57,23.045,21.77,5089,22.59,600368,22.455655
2021-03-29 00:00:00-04:00,21.725,22.47,21.39,4909,22.455,438658,21.732513
2021-03-30 00:00:00-04:00,22.005,22.085,20.875,3554,21.3,491176,21.609636
2021-03-31 00:00:00-04:00,23.27,23.85,22.4,7989,22.53,1045344,23.391457
2021-04-01 00:00:00-04:00,23.08,23.89,22.77,5829,23.85,696667,23.101984
2021-04-05 00:00:00-04:00,23.445,24.44,23.35,6545,23.725,906731,23.733108
2021-04-06 00:00:00-04:00,23.26,23.565,22.84,5966,23.565,400245,23.130482
2021-04-07 00:00:00-04:00,22.905,23.535,22.81,3103,23.01,254200,23.079695
2021-04-08 00:00:00-04:00,23.415,23.59,22.745,3874,23.22,389454,23.246166
2021-04-09 00:00:00-04:00,24.03,24.345,23.38,3308,23.415,345466,23.931145
2021-04-12 00:00:00-04:00,23.325,24.52,22.73,6993,24.465,668135,23.299115
2021-04-13 00:00:00-04:00,25.415,25.655,23.135,5280,23.135,888273,24.793404
2021-04-14 00:00:00-04:00,23.71,26.19,23.66,7209,25.32,839970,24.672635
2021-04-15 00:00:00-04:00,23.14,24.0,22.695,4397,24.0,427142,23.165624
2021-04-16 00:00:00-04:00,22.46,23.25,22.3,5504,22.86,682023,22.555149
2021-04-20 00:00:00-04:00,21.78,22.55,21.24,4553,21.95,466947,21.713565
2021-04-21 00:00:00-04:00,22.63,22.63,21.47,3850,21.62,399464,22.329715
2021-04-22 00:00:00-04:00,22.865,23.5,22.51,4943,22.945,484385,23.074129
2021-04-23 00:00:00-04:00,23.41,23.55,22.74,4081,22.81,386248,23.347267
2021-04-26 00:00:00-04:00,24.105,24.26,23.49,3920,23.59,382777,23.960896
2021-04-27 00:00:00-04:00,23.89,24.25,23.58,3626,24.16,392531,23.931036
2021-04-28 00:00:00-04:00,23.815,24.17,23.42,2325,23.61,266934,23.850362
2021-04-29 00:00:00-04:00,23.37,24.13,22.81,4703,23.88,517413,23.286922
2021-04-30 00:00:00-04:00,23.03,23.54,22.84,3811,23.18,435255,23.103743
2021-05-03 00:00:00-04:00,22.31,23.08,22.21,4523,23.04,529794,22.443271
2021-05-04 00:00:00-04:00,21.63,22.195,20.87,12360,21.95,1275360,21.328225
2021-05-05 00:00:00-04:00,21.17,21.94,20.97,5745,21.83,675523,21.437995
2021-05-06 00:00:00-04:00,20.09,21.02,19.42,11774,21.02,1400344,20.069587
2021-05-07 00:00:00-04:00,19.76,20.74,19.58,8202,20.29,1088255,20.127007
2021-05-10 00:00:00-04:00,18.49,19.3,18.18,16363,19.19,2332029,18.604238
2021-05-11 00:00:00-04:00,20.2,20.3,17.07,20530,17.2,3078517,19.43625
2021-05-12 00:00:00-04:00,18.875,19.97,18.51,15327,19.97,1804626,18.999255
2021-05-13 00:00:00-04:00,18.37,19.46,17.83,10938,19.03,1057553,18.647139
2021-05-14 00:00:00-04:00,20.08,20.195,18.53,8242,18.8,1015114,19.683509
2021-05-17 00:00:00-04:00,20.46,20.49,19.65,8253,19.74,601585,20.184369
2021-05-18 00:00:00-04:00,21.24,21.61,20.26,9373,20.55,872479,21.1671
2021-05-19 00:00:00-04:00,20.67,21.03,19.95,7047,20.08,655357,20.644922
2021-05-20 00:00:00-04:00,20.62,20.81,20.28,6855,20.76,750164,20.495921
2021-05-21 00:00:00-04:00,20.745,21.16,20.48,4999,20.79,538551,20.864529
2021-05-24 00:00:00-04:00,21.225,21.515,20.68,6336,21.07,589451,21.145532
2021-05-25 00:00:00-04:00,21.455,22.105,21.29,6403,21.42,602602,21.674986
2021-05-26 00:00:00-04:00,22.12,22.24,21.5,4919,21.61,532530,22.030753
2021-05-27 00:00:00-04:00,22.7,22.7,21.65,7331,21.96,847042,22.284699
2021-05-28 00:00:00-04:00,22.95,24.69,22.78,16771,23.0,1487536,23.7258
2021-06-01 00:00:00-04:00,23.07,23.345,22.37,7099,23.14,935149,22.975908
2021-06-02 00:00:00-04:00,24.47,24.84,22.83,13299,23.03,2628060,24.114324
2021-06-03 00:00:00-04:00,23.64,24.255,23.345,7875,24.07,812763,23.859023
2021-06-04 00:00:00-04:00,24.035,24.49,23.51,8547,23.51,730177,24.086351
2021-06-07 00:00:00-04:00,24.46,24.755,23.79,6222,24.05,638024,24.412199
2021-06-08 00:00:00-04:00,24.39,25.21,23.93,12977,24.86,760947,24.43883
2021-06-09 00:00:00-04:00,24.18,24.735,24.17,6264,24.48,516131,24.480729
2021-06-10 00:00:00-04:00,24.16,24.36,23.45,7003,24.01,636851,24.105322
2021-06-11 00:00:00-04:00,24.66,24.7,24.09,8160,24.15,479363,24.492021
2021-06-14 00:00:00-04:00,25.0,25.15,24.48,6272,24.74,689217,24.899751
2021-06-15 00:00:00-04:00,24.42,25.55,24.4,5402,25.08,616279,24.816664
2021-06-16 00:00:00-04:00,24.82,24.93,23.88,6564,24.13,722999,24.572898
2021-06-17 00:00:00-04:00,25.44,25.455,24.75,9681,24.78,964833,25.191607
2021-06-18 00:00:00-04:00,25.38,25.93,25.02,6397,25.61,755381,25.346241
2021-06-21 00:00:00-04:00,25.41,25.545,24.53,5343,25.09,641500,25.269027
2021-06-22 00:00:00-04:00,25.39,25.5,24.97,4255,25.41,588210,25.222554
2021-06-23 00:00:00-04:00,26.26,26.34,25.45,7402,25.49,974532,26.056816
2021-06-24 00:00:00-04:00,26.5,26.705,26.185,7568,26.53,924199,26.503321
2021-06-25 00:00:00-04:00,26.65,27.01,26.25,11473,26.57,1374524,26.754736
2021-06-28 00:00:00-04:00,27.38,27.495,26.87,6247,26.97,684311,27.264514
2021-06-29 00:00:00-04:00,26.63,27.42,26.44,3872,27.41,477558,26.737996
2021-06-30 00:00:00-04:00,26.35,26.91,26.24,4258,26.375,450886,26.547754
2021-07-01 00:00:00-04:00,24.725,25.98,24.59,4821,25.98,603181,25.082906
2021-07-02 00:00:00-04:00,24.45,25.34,24.345,3405,25.06,389014,24.616808
2021-07-06 00:00:00-04:00,24.665,25.19,24.48,4326,24.54,387352,24.791551
2021-07-07 00:00:00-04:00,22.9,24.24,22.735,6270,24.22,713836,23.175306
2021-07-08 00:00:00-04:00,23.075,23.21,22.25,4912,22.44,455920,22.897058
2021-07-09 00:00:00-04:00,23.29,23.38,22.76,2156,22.87,237570,23.140855
2021-07-12 00:00:00-04:00,22.95,23.47,22.89,4483,23.31,689439,23.091621
2021-07-13 00:00:00-04:00,22.45,22.96,22.43,2945,22.96,353681,22.628923
2021-07-14 00:00:00-04:00,21.56,22.6,21.52,3266,22.6,379784,21.827208
2021-07-15 00:00:00-04:00,21.47,22.05,21.01,4104,21.72,541480,21.494811
2021-07-16 00:00:00-04:00,21.38,21.7,21.245,3094,21.6,276818,21.439228
2021-07-19 00:00:00-04:00,21.53,21.675,20.55,2963,20.86,323706,21.196329
2021-07-20 00:00:00-04:00,22.19,22.34,21.24,2790,21.65,272368,21.88641
2021-07-21 00:00:00-04:00,22.49,22.675,22.13,2740,22.27,253994,22.475466
2021-07-22 00:00:00-04:00,22.055,22.53,21.89,2598,22.51,303394,22.093017
2021-07-23 00:00:00-04:00,21.815,22.08,21.51,2300,22.0,333135,21.832229
2021-07-26 00:00:00-04:00,22.14,22.295,21.53,1652,21.8,177736,22.000978
2021-07-27 00:00:00-04:00,21.68,22.08,21.1,2692,21.87,298204,21.452136
2021-07-28 00:00:00-04:00,22.555,22.61,21.71,3095,21.755,365623,22.400877
2021-07-29 00:00:00-04:00,22.165,22.81,22.145,2665,22.77,314009,22.362853
2021-07-30 00:00:00-04:00,21.725,22.39,21.715,1441,21.84,180870,21.948704
2021-08-02 00:00:00-04:00,22.1,22.37,21.5,4759,21.805,370880,22.132367
2021-08-03 00:00:00-04:00,22.26,22.26,21.72,1977,22.01,215681,22.022707
2021-08-04 00:00:00-04:00,22.29,22.53,22.08,2503,22.18,210030,22.276625
2021-08-05 00:00:00-04:00,22.495,22.77,22.06,5263,22.22,421617,22.529829
2021-08-06 00:00:00-04:00,21.82,22.66,21.79,4359,22.62,629756,21.955924
2021-08-09 00:00:00-04:00,22.92,23.275,21.835,6044,21.85,896938,22.864793
2021-08-10 00:00:00-04:00,22.895,23.51,22.79,2740,22.97,341455,23.013485
2021-08-11 00:00:00-04:00,22.36,23.19,22.11,4020,23.01,441869,22.463179
2021-08-12 00:00:00-04:00,24.89,25.75,23.6,18130,24.44,2550973,24.860789
2021-08-13 00:00:00-04:00,24.915,25.1,24.315,7434,25.0,899905,24.779885
2021-08-16 00:00:00-04:00,24.49,24.88,23.78,7919,24.88,937400,24.358606
2021-08-17 00:00:00-04:00,23.97,24.59,23.745,3631,23.88,584711,24.134114
2021-08-18 00:00:00-04:00,25.26,25.94,23.695,7742,24.05,1106542,25.320055
2021-08-19 00:00:00-04:00,24.195,25.635,24.15,4563,24.93,655549,24.962436
2021-08-20 00:00:00-04:00,24.0,24.46,23.66,4640,24.22,554447,23.923719
2021-08-23 00:00:00-04:00,24.83,24.92,23.93,3994,24.02,307101,24.615887
2021-08-24 00:00:00-04:00,25.095,25.34,24.77,2680,24.95,294565,25.156055
2021-08-25 00:00:00-04:00,24.35,25.17,24.07,4497,25.03,541765,24.536669
2021-08-26 00:00:00-04:00,24.86,25.4,24.4,5504,24.4,453404,24.995386
2021-08-27 00:00:00-04:00,25.71,26.075,24.92,4200,25.06,539798,25.733018
2021-08-30 00:00:00-04:00,25.78,26.6,25.64,3106,25.78,385559,26.109903
2021-08-31 00:00:00-04:00,26.34,26.36,25.8,5070,25.84,814552,26.187385
2021-09-01 00:00:00-04:00,26.2,26.49,26.035,4784,26.48,689561,26.209289
2021-09-02 00:00:00-04:00,26.5,26.87,26.125,3160,26.23,421514,26.5855
2021-09-03 00:00:00-04:00,26.65,26.75,26.22,2574,26.485,313590,26.594353
2021-09-07 00:00:00-04:00,26.7,26.815,26.29,10949,26.75,784482,26.569864
2021-09-08 00:00:00-04:00,25.575,26.6,24.96,8552,26.6,1137096,25.527698
2021-09-09 00:00:00-04:00,26.13,26.24,25.305,7800,25.41,828038,26.035765
2021-09-10 00:00:00-04:00,26.255,26.725,26.18,11409,26.185,1230728,26.479521
2021-09-13 00:00:00-04:00,25.85,26.17,25.04,16447,26.12,1687016,25.654921
2021-09-14 00:00:00-04:00,26.25,26.7,25.91,6894,25.97,856200,26.33946
2021-09-15 00:00:00-04:00,27.08,27.14,26.07,7991,26.24,958571,26.864069
2021-09-16 00:00:00-04:00,28.63,28.785,27.02,12883,27.18,1624668,28.323432
2021-09-17 00:00:00-04:00,28.74,29.29,28.07,18035,28.61,2611554,28.887907
2021-09-20 00:00:00-04:00,26.53,28.09,26.06,14275,27.575,1533861,27.135443
2021-09-21 00:00:00-04:00,26.62,27.13,26.08,5198,26.85,520765,26.669843
2021-09-22 00:00:00-04:00,27.425,27.77,26.63,5466,26.63,595296,27.428392
2021-09-23 00:00:00-04:00,28.765,29.185,27.74,9151,27.75,1108070,28.744027
2021-09-24 00:00:00-04:00,28.56,28.755,27.915,3013,28.28,400172,28.415922
2021-09-27 00:00:00-04:00,27.485,28.36,27.23,4016,28.24,539686,27.529341
2021-09-28 00:00:00-04:00,25.35,27.1,25.215,7274,27.0,890661,25.727603
2021-09-29 00:00:00-04:00,24.48,25.67,24.42,3423,25.485,441449,24.859281
2021-09-30 00:00:00-04:00,24.03,25.04,23.89,6838,24.66,826926,24.22278
2021-10-01 00:00:00-04:00,24.33,24.35,23.72,2191,24.21,290836,24.147542
2021-10-04 00:00:00-04:00,23.17,24.045,23.025,5516,24.01,585958,23.231872
2021-10-05 00:00:00-04:00,23.21,23.87,23.08,4947,23.22,551638,23.442578
2021-10-06 00:00:00-04:00,23.58,24.94,23.37,7913,24.81,1025837,24.047165
2021-10-07 00:00:00-04:00,23.72,24.12,23.565,2753,23.73,379355,23.807703
2021-10-08 00:00:00-04:00,23.5,24.07,23.11,2768,23.94,325104,23.372294
2021-10-11 00:00:00-04:00,23.54,23.98,23.29,1903,23.3,274686,23.737032
2021-10-12 00:00:00-04:00,23.685,23.795,23.3,2127,23.595,275087,23.574161
2021-10-13 00:00:00-04:00,24.13,24.3,23.845,1942,23.88,256899,24.078217
2021-10-14 00:00:00-04:00,24.35,24.705,24.22,1980,24.45,249851,24.469989
2021-10-15 00:00:00-04:00,23.98,24.44,23.84,2022,24.41,283315,24.035563
2021-10-18 00:00:00-04:00,24.245,24.375,23.95,1476,23.98,196040,24.22268
2021-10-19 00:00:00-04:00,24.68,25.195,24.38,1791,24.545,228489,24.768785
2021-10-20 00:00:00-04:00,24.235,24.95,24.175,1563,24.79,184554,24.381495
2021-10-21 00:00:00-04:00,24.78,24.925,24.12,1793,24.2,252025,24.705189
2021-10-22 00:00:00-04:00,24.43,24.835,24.25,2170,24.49,323322,24.473576
2021-10-26 00:00:00-04:00,25.525,26.74,25.25,3875,25.99,603422,25.792787
2021-10-27 00:00:00-04:00,25.05,25.895,25.025,2467,25.65,276122,25.306488
2021-10-28 00:00:00-04:00,25.645,25.795,25.15,1527,25.315,157952,25.492948
2021-10-29 00:00:00-04:00,25.88,26.11,25.465,1988,25.5,246087,25.883933
2021-11-01 00:00:00-04:00,26.56,26.645,25.9,2432,26.11,320264,26.397231
2021-11-02 00:00:00-04:00,25.915,26.715,25.56,4025,26.58,552982,25.955943
2021-11-03 00:00:00-04:00,26.12,26.23,25.22,2334,25.89,375686,25.87898
2021-11-04 00:00:00-04:00,26.48,26.57,25.88,2352,26.265,308915,26.393879
2021-11-05 00:00:00-04:00,26.0,26.6,25.72,2744,26.41,366561,26.004288
2021-11-08 00:00:00-05:00,26.75,27.11,26.13,4221,26.25,604749,26.845752
2021-11-09 00:00:00-05:00,24.21,25.94,23.955,18096,25.9,2857352,24.405576
2021-11-10 00:00:00-05:00,22.515,23.61,22.125,9055,23.61,1393760,22.903178
2021-11-11 00:00:00-05:00,22.99,23.11,22.67,7309,23.02,757077,22.859545
2021-11-12 00:00:00-05:00,22.81,23.215,22.38,4870,23.02,617074,22.69518
2021-11-15 00:00:00-05:00,23.405,23.515,22.96,3163,22.99,595166,23.261942
2021-11-16 00:00:00-05:00,23.12,23.24,22.61,6253,23.13,1020692,22.848002
2021-11-17 00:00:00-05:00,22.49,23.2,22.41,2986,23.05,343021,22.632535
2021-11-18 00:00:00-05:00,21.5,22.55,21.35,6086,22.53,655268,21.670724
2021-11-19 00:00:00-05:00,21.41,21.95,21.305,3142,21.64,399643,21.56428
2021-11-22 00:00:00-05:00,20.65,21.53,20.18,5905,21.52,821427,20.647182
2021-11-23 00:00:00-05:00,20.59,21.05,20.05,5366,20.56,623343,20.459753
2021-11-24 00:00:00-05:00,21.12,21.2,20.06,4097,20.345,493776,20.915821
2021-11-26 00:00:00-05:00,21.0,21.085,20.38,2865,20.39,368356,20.860013
2021-11-29 00:00:00-05:00,21.06,21.35,20.58,4063,21.19,460635,20.969221
2021-11-30 00:00:00-05:00,20.645,21.24,20.11,4196,20.99,559679,20.527267
2021-12-01 00:00:00-05:00,19.38,20.89,19.3,6078,20.52,929823,19.90839
2021-12-02 00:00:00-05:00,19.68,19.9,19.07,6207,19.31,852753,19.502096
2021-12-03 00:00:00-05:00,18.98,19.515,18.4,5311,19.49,761524,18.772277
2021-12-06 00:00:00-05:00,18.8,18.96,18.09,5020,18.4,590943,18.530684
2021-12-07 00:00:00-05:00,19.45,19.85,19.1,4662,19.2,511625,19.569397
2021-12-08 00:00:00-05:00,19.81,19.82,19.04,3096,19.505,425791,19.628849
2021-12-09 00:00:00-05:00,19.21,20.145,19.045,4483,19.95,630340,19.451757
2021-12-10 00:00:00-05:00,18.94,19.57,18.705,4447,19.27,543521,18.905936
2021-12-13 00:00:00-05:00,18.4,19.06,18.175,4309,18.77,678681,18.474443
2021-12-14 00:00:00-05:00,18.64,18.85,17.925,5139,17.96,713076,18.503349
2021-12-15 00:00:00-05:00,18.855,18.94,18.0,8287,18.39,819932,18.458169
2021-12-16 00:00:00-05:00,18.34,19.115,18.15,2998,18.98,417665,18.433893
2021-12-17 00:00:00-05:00,19.07,19.09,17.815,4659,18.01,694423,18.832511
2021-12-20 00:00:00-05:00,17.95,18.63,17.84,4911,18.6,706847,18.140308
2021-12-21 00:00:00-05:00,18.91,18.98,18.1,3540,18.15,572594,18.710401
2021-12-22 00:00:00-05:00,18.87,19.45,18.65,3376,18.71,520990,18.947419
2021-12-23 00:00:00-05:00,18.95,19.125,18.72,2196,18.86,299778,18.957012
2021-12-27 00:00:00-05:00,18.96,19.24,18.9,3383,18.91,375621,19.038227
2021-12-28 00:00:00-05:00,18.57,19.07,18.44,2518,18.905,289133,18.621406
2021-12-29 00:00:00-05:00,18.165,18.58,17.91,3489,18.54,491769,18.102267
2021-12-30 00:00:00-05:00,18.68,18.99,18.09,4063,18.09,560708,18.742356
2021-12-31 00:00:00-05:00,18.22,18.87,18.21,2681,18.65,335197,18.436664
2022-01-03 00:00:00-05:00,18.52,18.54,17.88,4941,18.42,649796,18.281612
2022-01-04 00:00:00-05:00,18.175,18.835,17.795,4635,18.59,644445,18.133565
2022-01-05 00:00:00-05:00,16.95,18.56,16.87,7060,18.04,1013178,17.565978
2022-01-06 00:00:00-05:00,16.74,17.17,16.06,6942,16.875,972211,16.780232
2022-01-07 00:00:00-05:00,16.555,17.315,16.485,3843,16.7,538224,16.70668
2022-01-10 00:00:00-05:00,16.51,16.57,15.36,9553,16.12,1144777,15.824422
2022-01-11 00:00:00-05:00,16.89,17.25,16.325,5696,16.415,786971,16.948659
2022-01-12 00:00:00-05:00,16.72,17.46,16.41,4921,17.155,658864,16.867704
2022-01-13 00:00:00-05:00,16.01,16.82,15.945,3818,16.82,562573,16.225368
2022-01-14 00:00:00-05:00,16.01,16.24,15.62,4136,15.91,560589,15.885333
2022-01-18 00:00:00-05:00,14.965,15.75,14.93,6013,15.46,853172,15.256634
2022-01-19 00:00:00-05:00,14.56,15.225,14.545,7623,14.9,958639,14.801994
2022-01-20 00:00:00-05:00,14.62,15.54,14.57,6081,14.85,687339,15.091909
2022-01-21 00:00:00-05:00,13.54,14.465,13.5,10880,14.24,1640787,13.829582
2022-01-24 00:00:00-05:00,12.215,13.08,12.015,4014,12.77,614060,12.494694
2022-01-25 00:00:00-05:00,13.06,13.6,12.85,4917,13.115,769684,13.139159
2022-01-26 00:00:00-05:00,12.75,13.815,12.685,5960,13.61,1042687,13.256582
2022-01-27 00:00:00-05:00,12.28,13.05,12.2,5225,12.98,784881,12.504297
2022-01-28 00:00:00-05:00,12.72,12.87,11.89,5696,12.33,972066,12.409081
2022-01-31 00:00:00-05:00,13.715,13.74,12.78,13147,12.78,1348911,13.522724
2022-02-01 00:00:00-05:00,14.2,14.37,13.56,6415,14.24,1110060,14.068777
2022-02-02 00:00:00-05:00,13.32,14.14,13.19,5363,14.13,781235,13.454091
2022-02-03 00:00:00-05:00,12.45,13.31,12.42,4519,12.89,697250,12.781745
2022-02-04 00:00:00-05:00,12.94,13.085,12.28,3853,12.445,579829,12.795069
2022-02-07 00:00:00-05:00,12.955,13.6,12.95,4979,13.005,797023,13.200725
2022-02-08 00:00:00-05:00,13.15,13.185,12.63,4351,12.66,504047,12.991649
2022-02-09 00:00:00-05:00,13.87,13.885,13.27,3888,13.29,578211,13.656123
2022-02-10 00:00:00-05:00,13.56,14.16,13.42,4667,13.495,661535,13.801305
2022-02-11 00:00:00-05:00,13.15,13.905,12.97,5090,13.51,721586,13.380613
2022-02-14 00:00:00-05:00,13.25,13.79,13.0,4824,13.09,615593,13.468353
2022-02-15 00:00:00-05:00,14.16,14.18,13.41,6022,13.59,863967,13.900998
2022-02-16 00:00:00-05:00,13.97,14.25,13.66,7034,13.91,1138604,13.97256
2022-02-17 00:00:00-05:00,11.76,12.7,11.75,19260,12.39,4434161,12.180519
2022-02-18 00:00:00-05:00,11.01,12.01,10.575,23639,11.95,3925321,11.085353
2022-02-22 00:00:00-05:00,10.475,11.18,10.3,12982,10.74,2276668,10.617476
2022-02-23 00:00:00-05:00,10.425,11.26,10.4,9469,10.8,1659064,10.785412
2022-02-24 00:00:00-05:00,11.83,11.87,9.77,13067,9.77,2536001,11.152835
2022-02-25 00:00:00-05:00,11.47,11.885,11.0,7908,11.515,1230658,11.30982
2022-02-28 00:00:00-05:00,11.84,12.175,11.39,10367,11.96,1786606,11.757356
2022-03-01 00:00:00-05:00,12.19,12.515,11.71,7549,11.95,1308627,12.195194
2022-03-02 00:00:00-05:00,12.055,12.11,11.425,5840,12.11,988695,11.798998
2022-03-03 00:00:00-05:00,11.34,12.04,11.235,7473,12.0,1140922,11.492594
2022-03-04 00:00:00-05:00,10.955,11.75,10.745,8021,11.75,1142707,10.974204
2022-03-07 00:00:00-05:00,11.105,11.74,11.1,8245,11.42,1319729,11.379477
2022-03-09 00:00:00-05:00,11.665,12.02,11.285,5714,11.29,937989,11.692659
2022-03-10 00:00:00-05:00,11.87,11.97,11.325,8332,11.42,1828993,11.748318
2022-03-11 00:00:00-05:00,11.38,12.0,11.38,6572,11.88,987152,11.584529
2022-03-14 00:00:00-04:00,10.5,11.405,10.41,8194,11.145,1122704,10.691547
2022-03-15 00:00:00-04:00,10.76,10.845,10.27,7708,10.46,1260014,10.610646
2022-03-16 00:00:00-04:00,11.8,11.81,10.94,9268,10.95,1432191,11.515219
2022-03-17 00:00:00-04:00,12.32,12.37,11.69,6476,11.7,1036185,12.192574
2022-03-18 00:00:00-04:00,12.82,13.01,12.24,6786,12.28,978932,12.765302
2022-03-21 00:00:00-04:00,12.585,13.03,12.435,4137,12.75,585595,12.659263
2022-03-22 00:00:00-04:00,13.265,13.48,12.565,8052,12.565,1212358,13.23749
2022-03-23 00:00:00-04:00,13.18,13.54,13.05,4967,13.1,570973,13.277018
2022-03-24 00:00:00-04:00,13.395,13.42,12.83,2871,13.275,459219,13.185475
2022-03-25 00:00:00-04:00,12.965,13.385,12.715,2965,13.31,396142,12.978967
2022-03-28 00:00:00-04:00,13.41,13.44,12.86,3455,13.1,613954,13.177918
2022-03-29 00:00:00-04:00,14.195,14.275,13.35,6447,13.69,1031346,13.929037
2022-03-30 00:00:00-04:00,13.89,14.35,13.74,3719,13.98,508004,13.991653
2022-03-31 00:00:00-04:00,13.72,14.05,13.7,2886,13.91,340178,13.843625
2022-04-01 00:00:00-04:00,13.84,14.06,13.5,5339,13.77,742228,13.749547
2022-04-04 00:00:00-04:00,14.62,14.65,14.04,5834,14.05,758708,14.50741
2022-04-05 00:00:00-04:00,13.885,14.85,13.795,5925,14.61,825141,14.15411
2022-04-06 00:00:00-04:00,13.0,13.5,12.85,7096,13.5,991324,13.064255
2022-04-07 00:00:00-04:00,12.84,13.335,12.48,4710,12.985,697018,12.833727
2022-04-08 00:00:00-04:00,12.705,13.05,12.575,4339,12.695,532830,12.811102
2022-04-11 00:00:00-04:00,12.665,12.815,12.14,3483,12.45,419206,12.592576
2022-04-12 00:00:00-04:00,12.455,13.195,12.425,4286,12.97,515450,12.783757
2022-04-13 00:00:00-04:00,12.9,12.935,12.24,3686,12.38,545748,12.782183
2022-04-14 00:00:00-04:00,12.43,12.89,12.42,3127,12.89,433947,12.541077
2022-04-18 00:00:00-04:00,12.14,12.37,11.88,3123,12.33,421456,12.083488
2022-04-19 00:00:00-04:00,12.92,13.02,12.08,7408,12.1,1108143,12.776922
2022-04-20 00:00:00-04:00,12.785,13.16,12.75,4942,13.12,709069,12.896445
2022-04-21 00:00:00-04:00,12.32,13.315,12.225,6460,13.02,911437,12.634447
2022-04-22 00:00:00-04:00,11.97,12.72,11.86,7784,12.39,959803,12.140605
2022-04-25 00:00:00-04:00,12.115,12.16,11.69,5623,11.775,813601,11.977759
2022-04-26 00:00:00-04:00,11.12,12.05,11.11,6207,11.935,748864,11.306951
2022-04-27 00:00:00-04:00,10.565,11.19,10.535,8051,11.01,1327713,10.722156
2022-04-28 00:00:00-04:00,10.95,11.045,10.37,9369,10.685,989569,10.760059
2022-04-29 00:00:00-04:00,10.41,11.22,10.365,4141,10.94,594475,10.664346
2022-05-02 00:00:00-04:00,10.745,10.755,10.185,5162,10.355,845752,10.452679
2022-05-03 00:00:00-04:00,10.545,10.975,10.44,4144,10.71,614022,10.629244
2022-05-04 00:00:00-04:00,10.98,11.005,10.08,4969,10.52,868499,10.534015
2022-05-05 00:00:00-04:00,10.12,10.765,9.985,8810,10.76,1425379,10.243585
2022-05-06 00:00:00-04:00,9.47,10.03,9.43,10864,10.0,2004415,9.60756
2022-05-09 00:00:00-04:00,7.455,7.84,7.32,20472,7.78,4191928,7.516434
2022-05-10 00:00:00-04:00,7.29,7.7,6.935,12329,7.565,1960397,7.242235
2022-05-11 00:00:00-04:00,6.715,7.54,6.665,8180,7.22,1426072,6.974863
2022-05-12 00:00:00-04:00,7.34,7.38,6.45,9552,6.55,1739065,7.081614
2022-05-13 00:00:00-04:00,8.345,8.35,7.565,5916,7.57,1050523,8.153009
2022-05-16 00:00:00-04:00,8.05,8.43,8.01,6732,8.15,1199316,8.210673
2022-05-17 00:00:00-04:00,8.36,8.45,8.015,4018,8.2,546194,8.246065
2022-05-18 00:00:00-04:00,8.015,8.43,7.93,3063,8.24,395266,8.099248
2022-05-19 00:00:00-04:00,8.3,8.58,7.95,4189,7.95,493755,8.375575
2022-05-20 00:00:00-04:00,8.09,8.38,7.72,3920,8.305,577112,8.041234
2022-05-23 00:00:00-04:00,8.015,8.155,7.8,2926,8.01,416920,7.981751
2022-05-24 00:00:00-04:00,7.55,7.98,7.38,5764,7.98,1031351,7.539197
2022-05-25 00:00:00-04:00,7.96,8.01,7.515,3665,7.52,517137,7.806622
2022-05-26 00:00:00-04:00,8.36,8.395,7.81,2547,7.81,320619,8.233067
2022-05-27 00:00:00-04:00,8.85,8.85,8.45,3291,8.46,464568,8.721226
2022-05-31 00:00:00-04:00,8.68,9.08,8.565,3246,8.98,424920,8.763608
2022-06-01 00:00:00-04:00,8.45,8.97,8.38,3151,8.735,419444,8.582141
2022-06-02 00:00:00-04:00,9.31,9.385,8.465,3659,8.525,527485,9.101954
2022-06-03 00:00:00-04:00,8.95,9.24,8.86,2971,9.03,365649,8.989788
2022-06-06 00:00:00-04:00,8.99,9.2,8.79,2112,9.135,325060,8.982874
2022-06-07 00:00:00-04:00,9.12,9.135,8.74,3528,8.9,461471,9.010493
2022-06-08 00:00:00-04:00,9.175,9.42,9.09,2630,9.19,317692,9.228439
2022-06-09 00:00:00-04:00,8.675,9.12,8.675,2671,9.05,292042,8.861396
2022-06-10 00:00:00-04:00,8.26,8.555,8.145,4606,8.47,976312,8.281942
2022-06-13 00:00:00-04:00,7.645,7.99,7.505,3661,7.885,575581,7.661212
2022-06-14 00:00:00-04:00,7.82,7.98,7.59,2459,7.745,367167,7.814543
2022-06-15 00:00:00-04:00,8.13,8.295,7.82,3464,7.915,592275,8.055769
2022-06-16 00:00:00-04:00,7.67,7.98,7.58,3465,7.83,559964,7.681668
2022-06-17 00:00:00-04:00,8.22,8.325,7.695,3934,7.695,656227,8.096409
2022-06-21 00:00:00-04:00,8.71,9.045,8.58,4007,8.63,560802,8.84546
2022-06-22 00:00:00-04:00,9.005,9.285,8.48,3827,8.48,650014,9.088627
2022-06-23 00:00:00-04:00,9.45,9.5,8.845,5145,9.03,832380,9.268844
2022-06-24 00:00:00-04:00,10.185,10.2,9.49,4141,9.53,695903,9.886054
2022-06-27 00:00:00-04:00,9.615,10.13,9.51,3013,10.09,449139,9.674937
2022-06-28 00:00:00-04:00,9.305,9.875,9.19,3640,9.52,492939,9.420179
2022-06-29 00:00:00-04:00,9.23,9.415,9.07,3875,9.33,474638,9.216926
2022-06-30 00:00:00-04:00,9.07,9.185,8.73,3363,9.02,495371,9.004461
2022-07-01 00:00:00-04:00,9.275,9.42,9.035,2722,9.12,398635,9.227202
2022-07-05 00:00:00-04:00,10.075,10.095,9.0,4737,9.12,892000,9.829543
2022-07-06 00:00:00-04:00,9.8,10.305,9.745,5876,10.015,1385582,9.936966
2022-07-07 00:00:00-04:00,10.18,10.275,9.76,3751,9.76,505797,10.147467
2022-07-08 00:00:00-04:00,10.165,10.38,9.83,3353,9.915,479826,10.125925
2022-07-11 00:00:00-04:00,9.565,9.98,9.535,2846,9.98,427399,9.633757
2022-07-12 00:00:00-04:00,9.48,9.95,9.27,3971,9.73,505440,9.485131
2022-07-13 00:00:00-04:00,9.27,9.55,9.07,2715,9.22,364541,9.34477
2022-07-14 00:00:00-04:00,8.9,9.26,8.85,2441,9.23,349697,8.952068
2022-07-15 00:00:00-04:00,9.035,9.105,8.65,3444,9.0,488500,8.849999
2022-07-18 00:00:00-04:00,9.025,9.445,9.01,3058,9.28,394894,9.230001
2022-07-19 00:00:00-04:00,9.34,9.365,8.89,1966,9.2,295056,9.203227
2022-07-20 00:00:00-04:00,10.12,10.195,9.49,3241,9.49,534933,10.01149
2022-07-21 00:00:00-04:00,10.49,10.755,10.22,3644,10.36,699530,10.448882
2022-07-22 00:00:00-04:00,9.84,10.55,9.735,2649,10.4,502174,9.953627
2022-07-25 00:00:00-04:00,9.685,9.85,9.53,2139,9.85,274291,9.656381
2022-07-26 00:00:00-04:00,9.395,9.635,9.385,2261,9.635,279095,9.44625
2022-07-27 00:00:00-04:00,10.02,10.025,9.5,4066,9.67,403188,9.805369
2022-07-28 00:00:00-04:00,10.13,10.195,9.75,2407,10.035,375859,10.03281
2022-07-29 00:00:00-04:00,10.345,10.35,9.93,2877,10.0,629404,10.196187
2022-08-01 00:00:00-04:00,10.47,10.695,10.13,2626,10.21,470449,10.480917
2022-08-02 00:00:00-04:00,10.925,11.225,10.27,4526,10.31,753294,10.970624
2022-08-03 00:00:00-04:00,11.18,11.335,11.05,3374,11.09,595993,11.189366
2022-08-04 00:00:00-04:00,11.31,11.41,11.035,3117,11.19,427806,11.263131
2022-08-05 00:00:00-04:00,11.45,11.62,10.86,5329,11.015,990774,11.334687
2022-08-08 00:00:00-04:00,9.82,10.395,9.71,12232,9.79,2921913,9.981933
2022-08-09 00:00:00-04:00,9.25,9.565,9.01,6997,9.535,1096271,9.220033
2022-08-10 00:00:00-04:00,9.6,9.66,9.34,4118,9.6,805432,9.516561
2022-08-11 00:00:00-04:00,9.405,10.045,9.4,5060,9.77,733521,9.687125
2022-08-12 00:00:00-04:00,9.905,9.965,9.42,2975,9.56,398539,9.811258
2022-08-15 00:00:00-04:00,9.91,10.095,9.765,3076,9.87,427732,9.920297
2022-08-16 00:00:00-04:00,9.74,9.875,9.365,3637,9.84,612989,9.646203
2022-08-17 00:00:00-04:00,9.41,9.595,9.33,2843,9.57,481835,9.438664
2022-08-18 00:00:00-04:00,9.145,9.45,9.13,2316,9.45,436436,9.23179
2022-08-19 00:00:00-04:00,8.515,9.005,8.48,5819,9.005,904336,8.574645
2022-08-22 00:00:00-04:00,8.08,8.4,8.06,2711,8.215,396161,8.157823
2022-08-23 00:00:00-04:00,8.005,8.27,8.0,2544,8.15,338602,8.099029
2022-08-24 00:00:00-04:00,8.105,8.35,7.99,2710,8.05,409985,8.211674
2022-08-25 00:00:00-04:00,8.43,8.43,8.055,2562,8.23,392141,8.270091
2022-08-26 00:00:00-04:00,7.93,8.415,7.93,4992,8.415,797475,8.049038
2022-08-29 00:00:00-04:00,7.8,7.99,7.76,4676,7.77,690510,7.848633
2022-08-30 00:00:00-04:00,7.795,7.97,7.685,2927,7.92,364903,7.772396
2022-08-31 00:00:00-04:00,7.725,7.99,7.7,3964,7.975,466879,7.795319
2022-09-01 00:00:00-04:00,7.5,7.62,7.22,4313,7.62,712614,7.36696
2022-09-02 00:00:00-04:00,7.4,7.67,7.355,4335,7.67,651017,7.471178
2022-09-06 00:00:00-04:00,7.27,7.415,7.18,2163,7.405,270251,7.285305
2022-09-07 00:00:00-04:00,7.385,7.43,7.19,4171,7.27,702383,7.303211
2022-09-08 00:00:00-04:00,7.525,7.53,7.285,2822,7.325,309679,7.440467
2022-09-09 00:00:00-04:00,7.78,7.81,7.64,2965,7.64,330886,7.755958
2022-09-12 00:00:00-04:00,8.005,8.025,7.83,2259,7.86,365306,7.949718
2022-09-13 00:00:00-04:00,7.485,7.65,7.45,2881,7.58,346135,7.536193
2022-09-14 00:00:00-04:00,7.63,7.63,7.335,3576,7.46,727317,7.500915
2022-09-15 00:00:00-04:00,8.0,8.095,7.46,5850,7.48,1394888,7.948573
2022-09-16 00:00:00-04:00,7.78,7.93,7.64,6341,7.73,868836,7.787911
2022-09-19 00:00:00-04:00,7.86,7.86,7.58,2012,7.66,320728,7.729302
2022-09-20 00:00:00-04:00,7.615,7.915,7.605,4381,7.79,736768,7.779569
2022-09-21 00:00:00-04:00,7.69,8.065,7.665,3829,7.665,591188,7.858302
2022-09-22 00:00:00-04:00,7.37,7.73,7.25,6236,7.73,1086218,7.448663
2022-09-23 00:00:00-04:00,7.39,7.415,7.135,3370,7.21,539305,7.279174
2022-09-26 00:00:00-04:00,7.53,7.83,7.375,2700,7.375,535733,7.608477
2022-09-27 00:00:00-04:00,7.64,7.835,7.47,2163,7.7,368302,7.620383
2022-09-28 00:00:00-04:00,7.93,7.995,7.62,3022,7.62,470501,7.881146
2022-09-29 00:00:00-04:00,8.09,8.33,7.785,5074,8.05,921919,8.040788
2022-09-30 00:00:00-04:00,8.14,8.495,7.98,4932,8.02,797004,8.306628
2022-10-03 00:00:00-04:00,8.24,8.295,7.975,3586,8.14,471092,8.151426
2022-10-04 00:00:00-04:00,8.46,8.61,8.345,3367,8.48,446286,8.484111
2022-10-05 00:00:00-04:00,8.41,8.48,8.085,3335,8.275,545337,8.304027
2022-10-06 00:00:00-04:00,8.47,8.6,8.32,2240,8.43,269304,8.438238
2022-10-07 00:00:00-04:00,8.155,8.28,8.11,2456,8.235,421328,8.170024
2022-10-10 00:00:00-04:00,8.065,8.175,7.885,2084,8.17,287635,7.995954
2022-10-11 00:00:00-04:00,8.045,8.29,7.7,3845,8.02,694975,7.982583
2022-10-12 00:00:00-04:00,8.08,8.1,7.825,2206,8.07,363026,7.987138
2022-10-13 00:00:00-04:00,8.08,8.195,7.565,3550,7.73,543785,7.859803
2022-10-14 00:00:00-04:00,7.53,8.305,7.53,4618,8.23,870986,7.74737
2022-10-17 00:00:00-04:00,7.94,8.055,7.69,2474,7.69,432633,7.94001
2022-10-18 00:00:00-04:00,8.165,8.325,8.045,4042,8.19,816932,8.218592
2022-10-19 00:00:00-04:00,7.905,8.125,7.85,1715,8.0,227618,7.956071
2022-10-20 00:00:00-04:00,8.05,8.255,7.77,2584,7.77,396902,8.074971
2022-10-21 00:00:00-04:00,8.295,8.315,7.83,2571,7.93,455456,8.130724
2022-10-24 00:00:00-04:00,8.28,8.295,8.02,2519,8.295,364428,8.165813
2022-10-25 00:00:00-04:00,8.65,8.66,8.4,2566,8.44,412901,8.560926
2022-10-26 00:00:00-04:00,8.58,9.04,8.405,3097,8.47,562404,8.779316
2022-10-27 00:00:00-04:00,8.61,8.78,8.47,1941,8.685,304902,8.614578
2022-10-28 00:00:00-04:00,8.64,8.655,8.37,1868,8.53,312508,8.566187
2022-10-31 00:00:00-04:00,8.8,8.825,8.435,3611,8.6,585953,8.681627
2022-11-01 00:00:00-04:00,8.655,9.05,8.565,2996,8.99,399074,8.781479
2022-11-02 00:00:00-04:00,8.21,8.76,8.205,3274,8.7,583635,8.46285
2022-11-03 00:00:00-04:00,8.08,8.295,7.88,3005,8.03,441068,8.088296
2022-11-04 00:00:00-04:00,7.94,8.2,7.655,5199,8.18,1368474,7.859423
2022-11-07 00:00:00-05:00,7.015,7.845,6.89,10279,7.79,2652755,7.134482
2022-11-08 00:00:00-05:00,7.205,7.42,6.91,7116,7.075,1599453,7.200122
2022-11-09 00:00:00-05:00,6.98,7.175,6.95,3273,7.09,503861,7.041334
2022-11-10 00:00:00-05:00,7.64,7.96,7.44,5617,7.46,991510,7.663193
2022-11-11 00:00:00-05:00,8.405,8.415,7.4,5999,7.48,1532881,8.10183
2022-11-14 00:00:00-05:00,8.105,8.32,7.96,3423,8.17,519603,8.138262
2022-11-15 00:00:00-05:00,8.345,8.46,8.155,4058,8.44,684164,8.326841
2022-11-16 00:00:00-05:00,8.065,8.215,8.0,2337,8.17,424509,8.099915
2022-11-17 00:00:00-05:00,7.63,7.86,7.53,3808,7.86,748219,7.652306
2022-11-18 00:00:00-05:00,7.395,7.78,7.315,3624,7.78,535646,7.402172
2022-11-21 00:00:00-05:00,7.19,7.295,7.075,3644,7.295,546208,7.161896
2022-11-22 00:00:00-05:00,7.22,7.25,6.98,2476,7.135,489742,7.140479
2022-11-23 00:00:00-05:00,7.375,7.415,7.12,1892,7.215,463673,7.298521
2022-11-25 00:00:00-05:00,7.28,7.325,7.195,1069,7.315,223118,7.235721
2022-11-28 00:00:00-05:00,7.17,7.4,7.15,3137,7.2,555361,7.258373
2022-11-29 00:00:00-05:00,7.07,7.295,7.05,2584,7.215,415198,7.142626
2022-11-30 00:00:00-05:00,7.51,7.51,7.04,3054,7.12,445577,7.275596
2022-12-01 00:00:00-05:00,7.86,7.88,7.48,4282,7.49,564612,7.811995
2022-12-02 00:00:00-05:00,7.665,7.755,7.51,2443,7.645,384742,7.635919
2022-12-05 00:00:00-05:00,7.195,7.68,7.105,3774,7.655,604904,7.292429
2022-12-06 00:00:00-05:00,6.995,7.17,6.885,2684,7.12,645392,6.981344
2022-12-07 00:00:00-05:00,7.07,7.345,7.035,4040,7.05,526724,7.168584
2022-12-08 00:00:00-05:00,7.115,7.27,6.94,2329,7.13,479786,7.106809
2022-12-09 00:00:00-05:00,7.115,7.185,7.06,2951,7.09,920525,7.122547
2022-12-12 00:00:00-05:00,7.295,7.3,7.1,2745,7.12,334140,7.205969
2022-12-13 00:00:00-05:00,7.49,7.97,7.49,5973,7.75,1542322,7.695504
2022-12-14 00:00:00-05:00,7.365,7.59,7.275,2609,7.47,355988,7.425751
2022-12-15 00:00:00-05:00,7.01,7.29,7.01,3498,7.2,493594,7.081911
2022-12-16 00:00:00-05:00,6.9,7.075,6.76,3506,7.005,670149,6.88449
2022-12-19 00:00:00-05:00,6.34,6.8,6.325,3552,6.8,876273,6.460132
2022-12-20 00:00:00-05:00,6.305,6.54,6.2,3198,6.28,667804,6.33562
2022-12-21 00:00:00-05:00,6.505,6.515,6.045,2812,6.24,480730,6.383884
2022-12-22 00:00:00-05:00,6.315,6.375,6.18,2526,6.365,490479,6.259952
2022-12-23 00:00:00-05:00,6.27,6.29,6.07,1826,6.265,279059,6.203518
2022-12-27 00:00:00-05:00,5.995,6.22,5.925,2241,6.14,435096,6.053512
2022-12-28 00:00:00-05:00,6.07,6.17,5.95,1769,5.975,439292,6.046695
2022-12-29 00:00:00-05:00,6.39,6.52,6.105,3969,6.14,910178,6.41217
2022-12-30 00:00:00-05:00,6.405,6.42,6.235,2327,6.255,441414,6.32188
2023-01-03 00:00:00-05:00,6.4,6.64,6.275,2576,6.565,521414,6.381368
2023-01-04 00:00:00-05:00,6.59,6.67,6.37,3047,6.47,702462,6.554208
2023-01-05 00:00:00-05:00,6.32,6.48,6.25,2294,6.48,518419,6.348734
2023-01-06 00:00:00-05:00,6.405,6.445,6.095,2688,6.34,440709,6.325276
2023-01-09 00:00:00-05:00,6.505,6.665,6.41,3247,6.485,795523,6.567308
2023-01-10 00:00:00-05:00,6.69,6.71,6.49,2904,6.5,579142,6.607191
2023-01-11 00:00:00-05:00,6.975,6.99,6.76,3192,6.85,454435,6.931156
2023-01-12 00:00:00-05:00,7.015,7.05,6.78,2798,7.01,773784,6.94309
2023-01-13 00:00:00-05:00,6.95,7.01,6.82,1822,6.82,266511,6.937916
2023-01-17 00:00:00-05:00,7.075,7.145,6.735,4090,6.985,1146919,6.967667
2023-01-18 00:00:00-05:00,6.91,7.295,6.88,2066,7.19,310481,7.035802
2023-01-19 00:00:00-05:00,6.73,6.895,6.67,2661,6.805,520667,6.750571
2023-01-20 00:00:00-05:00,7.02,7.055,6.73,4499,6.79,834543,6.92518
2023-01-23 00:00:00-05:00,7.385,7.405,7.01,2969,7.035,605761,7.304337
2023-01-24 00:00:00-05:00,7.015,7.37,6.13,3215,6.13,516868,7.12545
2023-01-25 00:00:00-05:00,7.22,7.26,6.695,2833,6.87,660644,6.97157
2023-01-26 00:00:00-05:00,7.235,7.44,7.04,2033,7.42,287834,7.211101
2023-01-27 00:00:00-05:00,7.54,7.73,7.165,1812,7.165,374198,7.529353
2023-01-30 00:00:00-05:00,7.37,7.605,7.36,2536,7.495,531249,7.450354
2023-01-31 00:00:00-05:00,7.78,7.815,7.385,2782,7.415,597909,7.669785
2023-02-01 00:00:00-05:00,8.2,8.22,7.695,4303,7.735,836900,7.992338
2023-02-02 00:00:00-05:00,8.995,9.21,8.51,5690,8.51,1368869,8.916142
2023-02-03 00:00:00-05:00,8.425,8.9,8.375,5621,8.53,1015805,8.605889
2023-02-06 00:00:00-05:00,8.32,8.53,8.26,3405,8.29,754249,8.38808
2023-02-07 00:00:00-05:00,8.325,8.405,8.065,4715,8.29,969264,8.222659
2023-02-08 00:00:00-05:00,8.23,8.56,8.17,3812,8.3,551358,8.282167
2023-02-09 00:00:00-05:00,7.94,8.43,7.94,3465,8.34,545693,8.110528
2023-02-10 00:00:00-05:00,7.515,7.855,7.46,4171,7.78,818174,7.593511
2023-02-13 00:00:00-05:00,7.6,7.77,7.45,8192,7.58,1535113,7.684962
2023-02-14 00:00:00-05:00,9.215,9.295,8.23,13136,8.58,3165663,8.7033
2023-02-15 00:00:00-05:00,10.1,10.23,9.115,17568,9.21,3590809,9.850497
2023-02-16 00:00:00-05:00,9.705,10.31,9.6,9896,9.66,1808429,9.939534
2023-02-17 00:00:00-05:00,9.21,9.71,9.085,5375,9.53,893960,9.246306
2023-02-21 00:00:00-05:00,8.48,9.095,8.4,8591,9.015,1762455,8.575564
2023-02-22 00:00:00-05:00,8.365,8.62,8.165,6535,8.495,1036397,8.327528
2023-02-23 00:00:00-05:00,8.175,8.47,7.915,9708,8.44,1903941,8.141524
2023-02-24 00:00:00-05:00,8.09,8.195,7.885,5642,7.91,1512892,8.050454
2023-02-27 00:00:00-05:00,8.03,8.22,7.96,3588,8.13,471966,8.061455
2023-02-28 00:00:00-05:00,7.835,8.09,7.805,3844,8.01,478061,7.901876
2023-03-01 00:00:00-05:00,7.69,7.895,7.69,3291,7.83,488312,7.744643
2023-03-02 00:00:00-05:00,7.98,8.025,7.565,4794,7.59,921206,7.880841
2023-03-03 00:00:00-05:00,8.33,8.5,8.03,5789,8.07,1244511,8.322426
2023-03-06 00:00:00-05:00,8.285,8.445,8.21,4378,8.35,645583,8.302833
2023-03-07 00:00:00-05:00,8.28,8.42,8.205,4131,8.28,737289,8.292879
2023-03-08 00:00:00-05:00,8.13,8.575,8.065,3726,8.345,619394,8.279038
2023-03-09 00:00:00-05:00,7.68,8.255,7.68,3295,8.08,753819,7.897067
2023-03-10 00:00:00-05:00,7.36,7.68,7.29,5900,7.55,1121646,7.393487
2023-03-13 00:00:00-04:00,7.87,8.15,7.195,8646,7.28,2066868,7.843862
2023-03-14 00:00:00-04:00,7.89,8.135,7.78,4873,8.04,683688,7.906061
2023-03-15 00:00:00-04:00,7.885,7.985,7.705,2592,7.83,501600,7.838632
2023-03-16 00:00:00-04:00,7.975,8.07,7.87,2465,8.02,321715,7.979598
2023-03-17 00:00:00-04:00,7.88,8.03,7.845,2776,7.935,397765,7.912658
2023-03-20 00:00:00-04:00,8.085,8.095,7.73,5982,7.74,967182,7.973625
2023-03-21 00:00:00-04:00,8.44,8.505,8.205,3371,8.215,512198,8.390871
2023-03-22 00:00:00-04:00,8.2,8.615,8.2,4373,8.49,765739,8.464537
2023-03-23 00:00:00-04:00,8.33,8.545,8.16,3113,8.31,602837,8.375499
2023-03-24 00:00:00-04:00,8.2,8.345,8.065,3114,8.29,365226,8.174467
2023-03-27 00:00:00-04:00,8.04,8.31,7.94,2041,8.19,440204,8.126823
2023-03-28 00:00:00-04:00,8.005,8.11,7.975,1655,8.075,183771,8.027281
2023-03-29 00:00:00-04:00,8.225,8.25,8.06,1439,8.1,242148,8.168776
2023-03-30 00:00:00-04:00,8.145,8.355,8.05,1524,8.355,284798,8.186238
2023-03-31 00:00:00-04:00,8.45,8.475,8.09,2514,8.13,350973,8.391463
2023-04-03 00:00:00-04:00,8.38,8.525,8.215,2746,8.35,436362,8.374578
2023-04-04 00:00:00-04:00,8.36,8.53,8.24,2981,8.52,408692,8.37013
2023-04-05 00:00:00-04:00,7.975,8.645,7.845,4308,8.64,844721,8.062207
2023-04-06 00:00:00-04:00,8.09,8.14,7.79,2690,7.86,285933,8.042956
2023-04-10 00:00:00-04:00,8.395,8.435,7.91,2479,8.0,432109,8.26904
2023-04-11 00:00:00-04:00,8.62,8.79,8.395,3118,8.395,478515,8.593201
2023-04-12 00:00:00-04:00,8.325,8.77,8.3,3860,8.735,417843,8.464078
2023-04-13 00:00:00-04:00,8.575,8.7,8.43,2576,8.51,407968,8.608777
2023-04-14 00:00:00-04:00,8.8,8.905,8.47,3666,8.52,755375,8.76165
2023-04-17 00:00:00-04:00,8.795,9.04,8.78,4083,8.8,538637,8.873319
2023-04-18 00:00:00-04:00,8.725,9.02,8.725,2631,8.93,342804,8.838334
2023-04-19 00:00:00-04:00,8.485,8.65,8.48,2752,8.59,366096,8.528068
2023-04-20 00:00:00-04:00,8.155,8.495,8.135,2609,8.28,363433,8.264879
2023-04-21 00:00:00-04:00,8.18,8.22,8.105,2017,8.14,292504,8.15611
2023-04-24 00:00:00-04:00,8.09,8.25,7.945,2040,8.14,342811,8.069117
2023-04-25 00:00:00-04:00,7.735,8.01,7.73,2629,8.01,308451,7.829253
2023-04-26 00:00:00-04:00,7.745,7.905,7.65,2795,7.88,548786,7.768423
2023-04-27 00:00:00-04:00,7.815,7.91,7.725,2958,7.865,430107,7.824806
2023-04-28 00:00:00-04:00,7.76,8.0,7.63,3222,7.8,459789,7.735816
2023-05-01 00:00:00-04:00,7.77,7.82,7.665,3412,7.74,379409,7.739089
2023-05-02 00:00:00-04:00,7.595,7.78,7.435,4911,7.75,1290764,7.53061
2023-05-03 00:00:00-04:00,7.56,7.67,7.455,4521,7.62,784039,7.539043
2023-05-04 00:00:00-04:00,7.375,7.51,7.28,4191,7.5,643889,7.372307
2023-05-05 00:00:00-04:00,7.405,7.535,7.325,4394,7.495,746886,7.422867
2023-05-08 00:00:00-04:00,7.76,7.85,7.6,8905,7.63,1332351,7.781886
2023-05-09 00:00:00-04:00,9.54,9.685,8.66,19923,9.23,4550276,9.280443
2023-05-10 00:00:00-04:00,9.93,10.3,9.46,11306,9.72,2671898,9.937561
2023-05-11 00:00:00-04:00,9.875,10.155,9.71,5299,10.1,923394,9.941535
2023-05-12 00:00:00-04:00,9.52,10.01,9.47,6668,9.82,1382677,9.605354
2023-05-15 00:00:00-04:00,9.525,9.6,9.025,5837,9.21,1053845,9.34178
2023-05-16 00:00:00-04:00,9.48,9.63,9.36,4846,9.4,832617,9.489066
2023-05-17 00:00:00-04:00,10.25,10.285,9.46,5990,9.49,1244217,10.051827
2023-05-18 00:00:00-04:00,11.74,11.81,10.4,16007,10.43,3212781,11.311654
2023-05-19 00:00:00-04:00,11.705,12.405,11.525,12111,11.96,2421575,11.881156
2023-05-22 00:00:00-04:00,11.83,12.1,11.39,5756,11.62,882111,11.754352
2023-05-23 00:00:00-04:00,12.64,13.415,11.875,11719,11.96,2275155,12.859044
2023-05-24 00:00:00-04:00,12.225,12.425,11.825,9458,12.035,1525422,12.111868
2023-05-25 00:00:00-04:00,12.84,13.22,12.34,10679,13.18,1965539,12.753018
2023-05-26 00:00:00-04:00,13.64,14.195,12.85,15205,12.86,2621711,13.77906
2023-05-30 00:00:00-04:00,14.715,15.005,14.25,15776,14.44,2496735,14.737124
2023-05-31 00:00:00-04:00,14.71,14.785,13.85,9005,14.17,1476310,14.261488
2023-06-01 00:00:00-04:00,14.54,15.215,14.21,11665,14.42,1730006,14.631375
2023-06-02 00:00:00-04:00,14.52,15.02,14.16,6346,14.67,976109,14.570081
2023-06-05 00:00:00-04:00,15.23,15.7,14.375,8769,14.385,1332102,15.299773
2023-06-06 00:00:00-04:00,15.46,15.58,14.94,6940,15.28,722960,15.302623
2023-06-07 00:00:00-04:00,14.715,17.155,14.53,14681,16.0,2417807,15.766018
2023-06-08 00:00:00-04:00,15.2,15.59,14.39,9090,14.43,1470874,15.16354
2023-06-09 00:00:00-04:00,15.01,15.97,14.82,7786,15.36,1141665,15.345664
2023-06-12 00:00:00-04:00,15.65,16.015,15.34,5799,15.42,756632,15.637724
2023-06-13 00:00:00-04:00,15.99,16.245,15.17,9174,16.22,1302115,15.690283
2023-06-14 00:00:00-04:00,15.92,16.19,15.445,6262,15.91,779469,15.853408
2023-06-15 00:00:00-04:00,16.6,16.785,15.51,14167,15.665,1462992,16.450237
2023-06-16 00:00:00-04:00,16.32,16.89,16.01,7861,16.89,1050157,16.302201
2023-06-20 00:00:00-04:00,15.8,16.87,15.58,10787,15.98,1057192,15.98308
2023-06-21 00:00:00-04:00,14.64,15.75,14.375,7687,15.7,1225887,14.767166
2023-06-22 00:00:00-04:00,14.05,14.43,13.86,8519,14.265,1565986,14.165689
2023-06-23 00:00:00-04:00,14.02,14.13,13.565,8857,13.66,1480495,13.855355
2023-06-26 00:00:00-04:00,13.945,14.41,13.86,5140,13.865,904513,14.152479
2023-06-27 00:00:00-04:00,14.615,14.76,13.96,4986,14.25,730560,14.504718
2023-06-28 00:00:00-04:00,15.26,15.425,14.48,5298,14.52,1006304,15.047108
2023-06-29 00:00:00-04:00,15.2,15.57,15.06,4646,15.395,589114,15.263169
2023-06-30 00:00:00-04:00,15.33,15.79,15.24,4039,15.48,552911,15.491984
2023-07-03 00:00:00-04:00,15.51,15.585,15.195,3858,15.49,394879,15.384935
2023-07-05 00:00:00-04:00,15.71,15.76,15.24,4467,15.44,540264,15.521653
2023-07-06 00:00:00-04:00,15.15,15.365,14.63,4607,15.34,718210,14.909495
2023-07-07 00:00:00-04:00,15.35,15.895,15.2,3927,15.29,446520,15.571356
2023-07-10 00:00:00-04:00,16.3,16.32,14.96,5020,15.37,739200,15.876774
2023-07-11 00:00:00-04:00,16.49,16.92,16.15,6925,16.495,939019,16.534041
2023-07-12 00:00:00-04:00,16.58,16.935,16.41,5251,16.8,639083,16.662084
2023-07-13 00:00:00-04:00,16.74,17.255,16.67,4553,16.705,589710,16.95827
2023-07-14 00:00:00-04:00,16.4,17.0,16.275,3980,16.79,540650,16.586955
2023-07-17 00:00:00-04:00,17.41,17.585,16.335,5013,16.41,699443,17.326757
2023-07-18 00:00:00-04:00,18.07,18.13,17.19,8518,17.88,1225623,17.767595
2023-07-19 00:00:00-04:00,18.045,18.99,17.77,6219,18.095,807261,18.38246
2023-07-20 00:00:00-04:00,17.14,17.99,16.98,5701,17.525,943145,17.293809
2023-07-21 00:00:00-04:00,16.435,17.435,16.22,4637,17.415,597210,16.645505
2023-07-24 00:00:00-04:00,16.325,16.68,16.13,3099,16.61,366391,16.357298
2023-07-25 00:00:00-04:00,16.56,16.855,16.37,2544,16.42,293689,16.612128
2023-07-26 00:00:00-04:00,16.435,16.68,16.135,2680,16.41,348619,16.379116
2023-07-27 00:00:00-04:00,16.15,17.19,16.015,5867,16.84,686114,16.580737
2023-07-28 00:00:00-04:00,17.805,17.97,16.75,7274,17.19,999099,17.409786
2023-07-31 00:00:00-04:00,19.83,19.99,18.39,14185,18.82,1976523,19.452856
2023-08-01 00:00:00-04:00,19.985,20.235,19.235,7644,19.4,1102684,19.9022
2023-08-02 00:00:00-04:00,18.955,19.615,18.15,10380,19.28,987230,18.843558
2023-08-03 00:00:00-04:00,18.71,19.3,18.62,3645,18.65,444298,18.834619
2023-08-04 00:00:00-04:00,18.195,19.07,18.08,8831,18.905,621835,18.405956
2023-08-07 00:00:00-04:00,17.99,18.385,17.01,8598,18.26,1784496,17.630123
2023-08-08 00:00:00-04:00,17.03,17.39,16.1,10732,17.39,1829008,16.712849
2023-08-09 00:00:00-04:00,15.245,16.91,15.1,11006,16.76,1684265,15.664058
2023-08-10 00:00:00-04:00,15.4,15.86,15.25,7294,15.45,1128738,15.50834
2023-08-11 00:00:00-04:00,15.405,15.57,14.91,5391,15.035,661744,15.337222
2023-08-14 00:00:00-04:00,15.72,15.725,14.97,3713,15.14,477406,15.485646
2023-08-15 00:00:00-04:00,15.36,15.87,15.29,4573,15.62,595491,15.475938
2023-08-16 00:00:00-04:00,15.44,15.72,15.15,2974,15.185,422004,15.4482
2023-08-17 00:00:00-04:00,14.15,15.38,14.04,6529,15.36,1314316,14.407882
2023-08-18 00:00:00-04:00,14.405,14.595,13.69,6129,13.89,868222,14.273651
2023-08-21 00:00:00-04:00,14.495,14.76,14.34,3476,14.43,455054,14.530337
2023-08-22 00:00:00-04:00,14.675,15.125,14.63,6285,14.8,793077,14.827054
2023-08-23 00:00:00-04:00,15.305,15.465,14.47,4919,14.52,625585,15.186439
2023-08-24 00:00:00-04:00,14.145,15.7,13.88,9400,15.7,1636539,14.367157
2023-08-25 00:00:00-04:00,14.52,14.64,14.02,3756,14.16,550112,14.339188
2023-08-28 00:00:00-04:00,14.64,14.87,14.5,3163,14.67,440416,14.685901
2023-08-29 00:00:00-04:00,15.405,15.62,14.505,4229,14.62,639240,15.369473
2023-08-30 00:00:00-04:00,16.335,16.345,15.33,5389,15.45,813891,16.087779
2023-08-31 00:00:00-04:00,14.985,15.795,14.66,7050,15.63,1105699,15.024765
2023-09-01 00:00:00-04:00,15.175,15.35,14.835,4557,15.135,665920,15.102418
2023-09-05 00:00:00-04:00,15.215,15.415,14.9,4030,15.08,453735,15.195915
2023-09-06 00:00:00-04:00,15.305,15.62,15.08,3354,15.17,420133,15.249342
2023-09-07 00:00:00-04:00,15.21,15.23,14.29,4809,14.81,690906,14.688673
2023-09-08 00:00:00-04:00,15.14,15.595,15.09,3466,15.185,409764,15.29587
2023-09-11 00:00:00-04:00,15.81,16.095,15.36,6076,15.42,798126,15.772599
2023-09-12 00:00:00-04:00,15.6,16.15,15.45,9197,15.45,809605,15.741039
2023-09-13 00:00:00-04:00,15.61,15.84,15.42,3445,15.55,525927,15.61923
2023-09-14 00:00:00-04:00,15.825,16.035,15.48,2965,15.7,351911,15.765738
2023-09-15 00:00:00-04:00,15.3,15.865,15.17,4145,15.76,505224,15.300364
2023-09-18 00:00:00-04:00,15.47,15.62,15.07,5526,15.155,459535,15.435325
2023-09-19 00:00:00-04:00,15.15,15.495,14.95,3481,15.325,496869,15.127189
2023-09-20 00:00:00-04:00,14.74,15.41,14.74,2933,15.255,326329,15.058421
2023-09-21 00:00:00-04:00,14.0,14.59,13.69,6282,14.305,1024625,14.105562
2023-09-22 00:00:00-04:00,14.13,14.41,14.045,3614,14.21,523554,14.182719
2023-09-25 00:00:00-04:00,14.22,14.23,13.85,2904,14.0,372374,14.076304
2023-09-26 00:00:00-04:00,13.965,14.16,13.88,3460,13.96,477663,14.008062
2023-09-27 00:00:00-04:00,14.86,14.955,14.19,6221,14.19,1149993,14.664046
2023-09-28 00:00:00-04:00,15.77,15.96,14.83,6131,15.095,1106145,15.543367
2023-09-29 00:00:00-04:00,16.01,16.805,15.965,5551,16.12,984257,16.279624
2023-10-02 00:00:00-04:00,15.895,16.43,15.78,3769,16.02,480996,15.985528
2023-10-03 00:00:00-04:00,14.895,15.75,14.825,6186,15.6,1009222,15.105648
2023-10-04 00:00:00-04:00,15.74,15.845,15.17,4089,15.38,569575,15.520283
2023-10-05 00:00:00-04:00,15.815,15.89,15.41,4544,15.585,640305,15.667165
2023-10-06 00:00:00-04:00,16.62,16.685,15.51,4215,15.51,663444,16.415744
2023-10-09 00:00:00-04:00,17.61,17.815,16.23,6733,16.25,1027682,17.322363
2023-10-10 00:00:00-04:00,17.795,18.395,17.62,6069,18.07,832100,17.996862
2023-10-11 00:00:00-04:00,17.91,18.415,17.73,4409,17.85,392516,18.01039
2023-10-12 00:00:00-04:00,17.93,18.23,17.56,6008,17.92,882695,17.972669
2023-10-13 00:00:00-04:00,17.385,18.155,17.275,4259,18.155,390762,17.489496
2023-10-16 00:00:00-04:00,17.365,17.45,16.68,4351,17.215,607082,17.255582
2023-10-17 00:00:00-04:00,17.84,18.02,16.92,3342,16.985,415971,17.731446
2023-10-18 00:00:00-04:00,17.19,18.22,17.19,3965,17.8,360478,17.518796
2023-10-19 00:00:00-04:00,17.06,17.57,16.98,4163,17.45,556390,17.211987
2023-10-20 00:00:00-04:00,16.12,16.935,15.81,8674,16.84,953686,16.245267
2023-10-23 00:00:00-04:00,16.195,16.34,15.22,4205,15.88,643032,15.787451
2023-10-24 00:00:00-04:00,16.63,16.93,16.305,3348,16.39,409365,16.618625
2023-10-25 00:00:00-04:00,15.595,16.575,15.58,4066,16.575,529838,15.966588
2023-10-26 00:00:00-04:00,15.28,15.88,15.05,4543,15.565,636071,15.364582
2023-10-27 00:00:00-04:00,15.07,15.56,14.96,3791,15.56,584432,15.147323
2023-10-30 00:00:00-04:00,14.7,15.28,14.56,6230,15.28,571812,14.829458
2023-10-31 00:00:00-04:00,14.805,15.0,14.57,4323,14.615,577803,14.82956
2023-11-01 00:00:00-04:00,14.94,14.96,14.48,9540,14.815,1767244,14.736473
2023-11-02 00:00:00-04:00,17.98,18.285,17.22,15130,17.51,2569015,17.758692
2023-11-03 00:00:00-04:00,18.895,19.07,17.77,9416,18.04,1716137,18.785693
2023-11-06 00:00:00-05:00,18.54,19.08,17.94,8226,18.98,1252421,18.353915
2023-11-07 00:00:00-05:00,18.8,19.17,18.54,4674,18.85,707728,18.930072
2023-11-08 00:00:00-05:00,18.485,18.91,18.15,5414,18.81,652444,18.435366
2023-11-09 00:00:00-05:00,18.29,18.87,18.17,5670,18.7,652047,18.542327
2023-11-10 00:00:00-05:00,19.68,19.715,18.11,8622,18.11,1542289,19.304461
2023-11-13 00:00:00-05:00,19.705,19.875,19.3,7318,19.595,873676,19.595053
2023-11-14 00:00:00-05:00,19.945,20.1,19.5,6923,20.09,1076459,19.88526
2023-11-15 00:00:00-05:00,19.955,20.37,19.625,5998,19.875,842347,20.042042
2023-11-16 00:00:00-05:00,19.765,19.865,19.29,4802,19.83,831177,19.641041
2023-11-17 00:00:00-05:00,20.51,20.58,19.675,5528,19.7,906348,20.318769
2023-11-20 00:00:00-05:00,21.33,21.585,20.58,7731,20.675,1068222,21.285238
2023-11-21 00:00:00-05:00,19.8,21.8,19.73,8339,21.08,1364757,20.309227
2023-11-22 00:00:00-05:00,19.675,20.44,19.34,6824,20.33,910596,19.732518
2023-11-24 00:00:00-05:00,19.25,19.58,18.94,2911,19.38,416861,19.255948
2023-11-27 00:00:00-05:00,19.075,19.495,18.64,6073,19.095,658865,19.146041
2023-11-28 00:00:00-05:00,19.71,19.8,19.04,4888,19.11,721740,19.533318
2023-11-29 00:00:00-05:00,19.86,20.305,19.78,4351,19.975,742638,20.016235
2023-11-30 00:00:00-05:00,20.05,20.23,19.685,7625,19.93,944662,19.940315
2023-12-01 00:00:00-05:00,20.28,20.285,19.56,3536,19.935,505281,20.028073
2023-12-04 00:00:00-05:00,18.41,19.825,18.27,9308,19.76,1830605,18.778569
2023-12-05 00:00:00-05:00,18.31,18.525,17.96,4769,18.265,600107,18.262659
2023-12-06 00:00:00-05:00,17.135,17.825,17.07,9470,17.68,1719033,17.432723
2023-12-07 00:00:00-05:00,17.23,17.48,17.085,5168,17.23,858210,17.240346
2023-12-08 00:00:00-05:00,17.765,17.92,17.115,6823,17.24,1042697,17.653645
2023-12-11 00:00:00-05:00,17.775,18.275,17.7,3695,17.895,594410,17.997461
2023-12-12 00:00:00-05:00,17.495,17.87,17.24,3888,17.72,463554,17.518327
2023-12-13 00:00:00-05:00,17.865,17.9,17.22,3772,17.71,484529,17.563564
2023-12-14 00:00:00-05:00,18.205,18.57,17.72,5901,18.185,927808,18.076282
2023-12-15 00:00:00-05:00,18.18,19.145,18.045,6096,18.67,1283639,18.652088
2023-12-18 00:00:00-05:00,17.855,18.57,17.775,3841,18.195,643580,18.088379
2023-12-19 00:00:00-05:00,17.96,18.19,17.84,4936,18.0,563443,17.988239
2023-12-20 00:00:00-05:00,17.24,17.91,17.19,3458,17.85,444336,17.520102
2023-12-21 00:00:00-05:00,17.59,17.73,17.43,2822,17.57,365956,17.575532
2023-12-22 00:00:00-05:00,17.41,17.675,17.34,2094,17.675,293871,17.49757
2023-12-26 00:00:00-05:00,17.69,17.745,17.34,2015,17.405,234701,17.634716
2023-12-27 00:00:00-05:00,17.47,17.89,17.465,2015,17.79,283326,17.549017
2023-12-28 00:00:00-05:00,17.57,17.83,17.42,3069,17.46,486505,17.638038
2023-12-29 00:00:00-05:00,17.165,17.63,17.105,3267,17.54,376973,17.270666
2024-01-02 00:00:00-05:00,16.585,16.925,16.5,4078,16.91,622578,16.683702
2024-01-03 00:00:00-05:00,16.1,16.375,16.01,4159,16.105,622888,16.151594
2024-01-04 00:00:00-05:00,16.255,16.575,15.96,3048,16.03,428891,16.352432
2024-01-05 00:00:00-05:00,15.98,16.12,15.675,6016,15.69,1080386,15.979522
2024-01-08 00:00:00-05:00,16.68,16.885,16.15,4784,16.22,800250,16.633551
2024-01-09 00:00:00-05:00,16.38,16.61,16.285,3332,16.6,545748,16.4539
2024-01-10 00:00:00-05:00,16.785,17.015,16.4,3539,16.54,482318,16.808283
2024-01-11 00:00:00-05:00,16.67,16.92,16.17,3218,16.79,451018,16.510649
2024-01-12 00:00:00-05:00,16.77,17.06,16.635,3189,16.705,402872,16.79005
2024-01-16 00:00:00-05:00,16.535,16.73,16.3,3922,16.59,350315,16.520225
2024-01-17 00:00:00-05:00,16.39,16.41,16.05,2729,16.31,368328,16.257716
2024-01-18 00:00:00-05:00,16.39,16.81,16.1,2446,16.79,318113,16.318111
2024-01-19 00:00:00-05:00,16.78,16.78,16.155,3317,16.565,814827,16.399749
2024-01-22 00:00:00-05:00,17.605,18.345,17.44,7153,17.495,1429391,17.957203
2024-01-23 00:00:00-05:00,17.335,17.72,17.2,3099,17.67,425082,17.401562
2024-01-24 00:00:00-05:00,16.75,17.615,16.745,3387,17.585,556803,17.124864
2024-01-25 00:00:00-05:00,16.45,16.995,16.315,4052,16.87,704752,16.564978
2024-01-26 00:00:00-05:00,16.345,16.735,16.34,2638,16.445,389364,16.501542
2024-01-29 00:00:00-05:00,17.11,17.11,16.445,2963,16.48,495417,16.875685
2024-01-30 00:00:00-05:00,16.73,17.24,16.66,2820,17.05,599370,16.973813
2024-01-31 00:00:00-05:00,16.09,16.755,16.07,3846,16.41,774912,16.380367
2024-02-01 00:00:00-05:00,16.335,16.48,16.03,4548,16.205,678340,16.251229
2024-02-02 00:00:00-05:00,17.02,17.02,16.145,4723,16.29,750653,16.705522
2024-02-05 00:00:00-05:00,16.74,17.86,16.48,12854,17.57,1859611,17.238723
2024-02-06 00:00:00-05:00,21.875,22.175,19.765,30667,20.33,5849275,21.138616
2024-02-07 00:00:00-05:00,23.6,23.87,21.38,16848,21.59,2789902,23.215531
2024-02-08 00:00:00-05:00,24.525,25.06,23.33,12442,23.98,1969388,24.38234
2024-02-09 00:00:00-05:00,24.37,25.09,23.575,11065,25.09,1515691,24.279882
2024-02-12 00:00:00-05:00,25.05,25.51,23.82,6557,23.89,863244,24.786939
2024-02-13 00:00:00-05:00,24.01,24.66,23.31,6864,23.48,787744,24.117291
2024-02-14 00:00:00-05:00,25.16,25.49,23.77,6038,24.18,751867,24.89756
2024-02-15 00:00:00-05:00,25.41,25.46,24.725,7129,25.13,796186,25.229028
2024-02-16 00:00:00-05:00,24.45,25.49,24.395,5164,25.005,577210,24.775873
2024-02-20 00:00:00-05:00,23.4,23.96,22.72,8574,23.77,1137695,23.240481
2024-02-21 00:00:00-05:00,22.75,22.92,22.29,5521,22.3,651335,22.632377
2024-02-22 00:00:00-05:00,23.595,23.94,23.07,6035,23.825,710106,23.553611
2024-02-23 00:00:00-05:00,22.975,24.065,22.82,3862,23.53,469111,23.174387
2024-02-26 00:00:00-05:00,23.56,23.87,22.945,4404,23.07,507331,23.620934
2024-02-27 00:00:00-05:00,24.54,24.615,23.765,5624,23.83,626050,24.290091
2024-02-28 00:00:00-05:00,24.43,24.84,24.26,4077,24.52,416490,24.494218
2024-02-29 00:00:00-05:00,25.05,25.28,24.38,4505,24.84,593348,24.873494
2024-03-01 00:00:00-05:00,24.945,25.685,24.54,6964,25.305,997877,24.938493
2024-03-04 00:00:00-05:00,24.04,24.535,23.54,5709,24.44,816868,24.021976
2024-03-05 00:00:00-05:00,23.82,24.39,23.44,5923,23.925,768478,23.800541
2024-03-06 00:00:00-05:00,26.15,26.75,24.545,18615,25.76,2250536,25.94694
2024-03-07 00:00:00-05:00,26.46,27.5,26.38,10173,27.01,1308060,26.912772
2024-03-08 00:00:00-05:00,26.04,27.275,25.84,9241,27.185,1060854,26.406688
2024-03-11 00:00:00-04:00,25.36,26.83,25.295,6390,25.845,662849,25.878824
2024-03-12 00:00:00-04:00,24.7,25.62,24.35,8055,25.6,764629,24.766684
2024-03-13 00:00:00-04:00,25.0,25.43,24.6,5673,24.7,549566,25.023356
2024-03-14 00:00:00-04:00,24.46,24.94,24.14,6040,24.82,650924,24.439528
2024-03-15 00:00:00-04:00,23.485,24.1,23.42,8422,23.84,1111390,23.713686
2024-03-18 00:00:00-04:00,23.99,24.175,23.32,5458,23.77,733683,23.841236
2024-03-19 00:00:00-04:00,23.795,23.825,22.92,4969,23.58,480526,23.442127
2024-03-20 00:00:00-04:00,24.6,24.65,23.68,4593,23.765,467458,24.204935
2024-03-21 00:00:00-04:00,24.475,25.32,24.45,4259,25.24,370176,24.852411
2024-03-22 00:00:00-04:00,24.17,24.44,24.03,2556,24.16,226290,24.177082
2024-03-25 00:00:00-04:00,24.5,24.61,24.08,3871,24.13,332284,24.450109
2024-03-26 00:00:00-04:00,24.88,25.45,24.48,3830,24.855,371835,24.993936
2024-03-27 00:00:00-04:00,24.5,25.44,24.265,3654,25.09,370044,24.574678
2024-03-28 00:00:00-04:00,23.01,24.26,22.94,5102,24.17,580889,23.287042
2024-04-01 00:00:00-04:00,22.845,23.21,22.4,5755,22.94,560420,22.717458
2024-04-02 00:00:00-04:00,22.73,22.79,21.73,3935,22.0,561698,22.33294
2024-04-03 00:00:00-04:00,22.7,23.005,22.395,2418,22.57,211376,22.732069
2024-04-04 00:00:00-04:00,22.47,24.085,22.41,4486,23.78,543200,23.132845
2024-04-05 00:00:00-04:00,22.96,23.31,22.31,3643,22.31,404260,22.948511
2024-04-08 00:00:00-04:00,23.01,23.195,22.68,3283,23.1,297806,23.006963
2024-04-09 00:00:00-04:00,22.81,23.08,22.47,2862,23.08,312147,22.756096
2024-04-10 00:00:00-04:00,22.42,22.7,22.06,3895,22.21,451473,22.482401
2024-04-11 00:00:00-04:00,22.845,22.905,22.27,3249,22.64,314538,22.683795
2024-04-12 00:00:00-04:00,22.67,23.195,22.41,4235,22.665,484655,22.759131
2024-04-15 00:00:00-04:00,21.915,23.12,21.84,4379,22.84,477387,22.320718
2024-04-16 00:00:00-04:00,21.88,21.99,21.29,4038,21.605,401340,21.718935
2024-04-17 00:00:00-04:00,21.29,22.11,21.22,4833,22.0,577572,21.524846
2024-04-18 00:00:00-04:00,21.115,21.425,20.705,4120,21.215,465768,21.081696
2024-04-19 00:00:00-04:00,20.475,21.43,20.33,5772,20.95,676586,20.662004
2024-04-22 00:00:00-04:00,20.98,21.075,20.36,3482,20.7,429117,20.753087
2024-04-23 00:00:00-04:00,21.635,22.055,21.28,4556,21.4,532677,21.719672
2024-04-24 00:00:00-04:00,21.58,22.25,21.31,3359,22.01,397067,21.684327
2024-04-25 00:00:00-04:00,21.715,21.735,20.67,3862,20.8,496283,21.397514
2024-04-26 00:00:00-04:00,22.52,22.67,21.96,3319,22.03,418668,22.408799
2024-04-29 00:00:00-04:00,22.825,23.075,22.545,3510,22.76,451503,22.743033
2024-04-30 00:00:00-04:00,21.965,22.865,21.96,3508,22.76,426308,22.299771
2024-05-01 00:00:00-04:00,22.115,22.81,21.64,4626,21.9,551980,22.269287
2024-05-02 00:00:00-04:00,22.525,22.71,22.11,4223,22.5,488866,22.444047
2024-05-03 00:00:00-04:00,23.33,23.485,22.91,5563,23.485,750629,23.185256
2024-05-06 00:00:00-04:00,25.215,25.355,24.055,10604,24.36,1708638,24.927426
2024-05-07 00:00:00-04:00,21.41,22.7,21.35,12351,22.02,2219518,21.674902
2024-05-08 00:00:00-04:00,21.57,21.72,21.06,5652,21.575,941341,21.338993
2024-05-09 00:00:00-04:00,21.145,21.57,20.94,4328,21.5,611991,21.239223
2024-05-10 00:00:00-04:00,20.61,21.365,20.5,4229,21.295,593832,20.773109
2024-05-13 00:00:00-04:00,20.93,21.185,20.695,3342,20.695,432530,20.956005
2024-05-14 00:00:00-04:00,21.44,22.065,20.985,7070,20.985,1194633,21.623577
2024-05-15 00:00:00-04:00,21.675,21.8,21.19,3692,21.75,535907,21.471349
2024-05-16 00:00:00-04:00,21.67,21.87,21.545,2943,21.74,318971,21.740095
2024-05-17 00:00:00-04:00,21.76,22.165,21.565,3474,21.725,463258,21.857078
2024-05-20 00:00:00-04:00,21.63,21.765,21.22,3423,21.75,434878,21.414325
2024-05-21 00:00:00-04:00,21.23,21.44,21.13,3301,21.44,467805,21.231757
2024-05-22 00:00:00-04:00,21.165,21.4,21.085,2377,21.275,232921,21.231319
2024-05-23 00:00:00-04:00,20.73,21.47,20.635,3471,21.38,430107,20.814143
2024-05-24 00:00:00-04:00,21.01,21.145,20.66,1977,20.71,199334,20.973262
2024-05-28 00:00:00-04:00,21.055,21.22,20.73,2281,21.05,282078,21.05384
2024-05-29 00:00:00-04:00,20.945,20.99,20.64,2336,20.785,290756,20.847578
2024-05-30 00:00:00-04:00,21.745,21.95,21.03,3803,21.25,602159,21.609861
2024-05-31 00:00:00-04:00,21.67,22.19,21.315,3873,21.82,499895,21.649171
2024-06-03 00:00:00-04:00,21.32,21.775,21.015,3694,21.775,603959,21.222293
2024-06-04 00:00:00-04:00,22.1,22.255,21.12,2991,21.12,449718,21.830696
2024-06-05 00:00:00-04:00,22.95,22.98,22.225,2964,22.45,413531,22.747042
2024-06-06 00:00:00-04:00,23.785,23.945,23.0,4827,23.01,771992,23.599108
2024-06-07 00:00:00-04:00,23.32,23.565,23.06,3723,23.205,465214,23.307942
2024-06-10 00:00:00-04:00,23.13,23.16,22.7,2856,22.74,364209,22.97592
2024-06-11 00:00:00-04:00,23.86,23.95,22.9,4057,23.125,454131,23.59018
2024-06-12 00:00:00-04:00,23.775,24.325,23.585,2734,24.22,366585,23.92125
2024-06-13 00:00:00-04:00,23.27,24.12,23.15,3264,23.84,401187,23.447661
2024-06-14 00:00:00-04:00,23.575,23.715,22.855,3581,23.18,391618,23.359959
2024-06-17 00:00:00-04:00,25.015,25.055,23.47,6787,23.505,1193046,24.612319
2024-06-18 00:00:00-04:00,25.84,26.02,24.85,4893,25.185,784216,25.537921
2024-06-20 00:00:00-04:00,25.57,26.565,25.17,6359,26.42,964386,26.046994
2024-06-21 00:00:00-04:00,23.825,24.755,23.535,5590,24.66,781155,24.014607
2024-06-24 00:00:00-04:00,24.165,24.38,23.31,4098,23.385,381444,24.050356
2024-06-25 00:00:00-04:00,24.56,24.63,23.95,2743,24.195,306275,24.412162
2024-06-26 00:00:00-04:00,24.09,24.655,24.03,3262,24.51,411682,24.204742
2024-06-27 00:00:00-04:00,25.23,25.4,24.1,4087,24.13,495739,25.072258
2024-06-28 00:00:00-04:00,25.33,25.56,25.035,3860,25.31,385894,25.337452
2024-07-01 00:00:00-04:00,25.88,26.015,25.15,3087,25.53,281055,25.720181
2024-07-02 00:00:00-04:00,25.825,26.42,25.79,3007,25.79,285065,26.085372
2024-07-03 00:00:00-04:00,25.85,26.25,25.77,1690,25.995,134749,26.004936
2024-07-05 00:00:00-04:00,27.22,27.24,26.05,4802,26.05,445015,26.9863
2024-07-08 00:00:00-04:00,27.71,27.985,26.85,7005,27.895,768020,27.690797
2024-07-09 00:00:00-04:00,27.395,28.35,27.24,4958,27.895,388943,27.694027
2024-07-10 00:00:00-04:00,28.41,28.47,27.4,3972,27.5,447520,28.057602
2024-07-11 00:00:00-04:00,27.64,28.57,26.9,6957,28.48,721991,27.576928
2024-07-12 00:00:00-04:00,28.065,28.115,27.305,3492,27.375,305000,27.967299
2024-07-15 00:00:00-04:00,28.665,29.3,27.91,3503,28.425,411779,28.869102
2024-07-16 00:00:00-04:00,28.675,28.84,27.47,5673,28.125,699218,28.310564
2024-07-17 00:00:00-04:00,28.23,28.855,27.6,5948,27.935,690278,28.209828
2024-07-18 00:00:00-04:00,28.61,29.825,28.18,5637,28.5,705358,28.990626
2024-07-19 00:00:00-04:00,28.57,29.6,28.3,4187,28.325,469359,29.008822
2024-07-22 00:00:00-04:00,28.45,28.93,27.705,3225,28.915,343480,28.292894
2024-07-23 00:00:00-04:00,28.795,29.185,28.46,3362,28.49,280996,28.90223
2024-07-24 00:00:00-04:00,26.585,28.675,26.585,5010,28.47,534622,27.20789
2024-07-25 00:00:00-04:00,26.635,27.25,25.43,4991,25.92,471070,26.365923
2024-07-26 00:00:00-04:00,27.175,27.33,26.77,2833,27.1,283318,27.087393
2024-07-29 00:00:00-04:00,27.09,27.79,26.74,2311,27.585,212288,27.226547
2024-07-30 00:00:00-04:00,26.38,27.44,25.89,4664,27.245,501164,26.495685
2024-07-31 00:00:00-04:00,26.88,27.38,26.88,2477,27.165,231347,27.149229
2024-08-01 00:00:00-04:00,26.07,27.535,25.84,4268,27.015,442646,26.396666
2024-08-02 00:00:00-04:00,24.73,24.825,23.75,8722,24.67,1222535,24.327432
2024-08-05 00:00:00-04:00,24.1,24.405,21.26,10096,21.85,1222763,23.526745
2024-08-06 00:00:00-04:00,26.6,27.42,25.575,12877,27.025,1868738,26.671813
2024-08-07 00:00:00-04:00,26.35,28.36,26.245,8476,26.99,1028181,27.513552
2024-08-08 00:00:00-04:00,29.28,29.375,26.69,11029,27.05,1200110,28.589628
2024-08-09 00:00:00-04:00,30.02,30.36,29.11,8941,29.25,1088466,29.86042
2024-08-12 00:00:00-04:00,29.36,31.19,29.27,7045,30.235,880568,29.966306
2024-08-13 00:00:00-04:00,30.38,30.83,29.56,5554,29.67,501843,30.352337
2024-08-14 00:00:00-04:00,30.99,31.37,30.33,5532,30.595,615381,30.962959
2024-08-15 00:00:00-04:00,31.22,31.49,30.84,6796,31.305,609818,31.180287
2024-08-16 00:00:00-04:00,32.06,32.745,31.03,7420,31.13,787850,32.168449
2024-08-19 00:00:00-04:00,32.48,32.585,31.82,5410,32.31,519191,32.267815
2024-08-20 00:00:00-04:00,32.285,32.7,31.63,5087,32.49,550740,32.10561
2024-08-21 00:00:00-04:00,32.54,32.67,31.97,5943,32.31,575335,32.306074
2024-08-22 00:00:00-04:00,31.93,33.12,31.85,5423,32.525,574530,32.417024
2024-08-23 00:00:00-04:00,31.76,32.55,31.63,4188,31.99,400301,31.936811
2024-08-26 00:00:00-04:00,30.85,31.72,30.8,4854,31.42,487067,31.05444
2024-08-27 00:00:00-04:00,30.84,31.12,30.395,3529,30.5,355784,30.850678
2024-08-28 00:00:00-04:00,30.35,30.8,29.76,4812,30.65,600671,30.24004
2024-08-29 00:00:00-04:00,30.99,31.815,30.525,5972,30.69,644346,31.326961
2024-08-30 00:00:00-04:00,31.48,31.49,30.7,5995,31.06,603669,31.169341
2024-09-03 00:00:00-04:00,30.505,31.58,30.17,4527,31.36,512127,30.745389
2024-09-04 00:00:00-04:00,30.58,30.85,29.315,4895,30.04,456547,30.289254
2024-09-05 00:00:00-04:00,30.16,30.73,30.03,4205,30.335,446143,30.359428
2024-09-06 00:00:00-04:00,30.34,31.035,29.52,8030,30.64,888619,30.101089
